timestamp_unix,timestamp_iso,participant_full_id,pulse_rate_bpm,missing_value_reason
1789084800000,2026-09-11T00:00:00Z,1324-1-1-AK,,device_not_worn_correctly
1789084860000,2026-09-11T00:01:00Z,1324-1-1-AK,,device_not_worn_correctly
1789084920000,2026-09-11T00:02:00Z,1324-1-1-AK,,device_not_worn_correctly
1789084980000,2026-09-11T00:03:00Z,1324-1-1-AK,,device_not_worn_correctly
1789085040000,2026-09-11T00:04:00Z,1324-1-1-AK,,device_not_worn_correctly
1789085100000,2026-09-11T00:05:00Z,1324-1-1-AK,,device_not_worn_correctly
1789085160000,2026-09-11T00:06:00Z,1324-1-1-AK,,device_not_worn_correctly
1789085220000,2026-09-11T00:07:00Z,1324-1-1-AK,,device_not_worn_correctly
1789085280000,2026-09-11T00:08:00Z,1324-1-1-AK,,device_not_worn_correctly
1789085340000,2026-09-11T00:09:00Z,1324-1-1-AK,,device_not_worn_correctly
1789085400000,2026-09-11T00:10:00Z,1324-1-1-AK,,device_not_recording
1789085460000,2026-09-11T00:11:00Z,1324-1-1-AK,,device_not_recording
1789085520000,2026-09-11T00:12:00Z,1324-1-1-AK,,device_not_recording
1789085580000,2026-09-11T00:13:00Z,1324-1-1-AK,,device_not_recording
1789085640000,2026-09-11T00:14:00Z,1324-1-1-AK,,device_not_recording
1789085700000,2026-09-11T00:15:00Z,1324-1-1-AK,,device_not_recording
1789085760000,2026-09-11T00:16:00Z,1324-1-1-AK,,device_not_recording
1789085820000,2026-09-11T00:17:00Z,1324-1-1-AK,,device_not_recording
1789085880000,2026-09-11T00:18:00Z,1324-1-1-AK,,device_not_recording
1789085940000,2026-09-11T00:19:00Z,1324-1-1-AK,,device_not_recording
1789086000000,2026-09-11T00:20:00Z,1324-1-1-AK,,device_not_recording
1789086060000,2026-09-11T00:21:00Z,1324-1-1-AK,,device_not_recording
1789086120000,2026-09-11T00:22:00Z,1324-1-1-AK,,device_not_recording
1789086180000,2026-09-11T00:23:00Z,1324-1-1-AK,,device_not_recording
1789086240000,2026-09-11T00:24:00Z,1324-1-1-AK,,device_not_recording
1789086300000,2026-09-11T00:25:00Z,1324-1-1-AK,,device_not_recording
1789086360000,2026-09-11T00:26:00Z,1324-1-1-AK,,device_not_recording
1789086420000,2026-09-11T00:27:00Z,1324-1-1-AK,,device_not_recording
1789086480000,2026-09-11T00:28:00Z,1324-1-1-AK,,device_not_recording
1789086540000,2026-09-11T00:29:00Z,1324-1-1-AK,,device_not_recording
1789086600000,2026-09-11T00:30:00Z,1324-1-1-AK,,device_not_recording
1789086660000,2026-09-11T00:31:00Z,1324-1-1-AK,,device_not_recording
1789086720000,2026-09-11T00:32:00Z,1324-1-1-AK,,device_not_recording
1789086780000,2026-09-11T00:33:00Z,1324-1-1-AK,,device_not_recording
1789086840000,2026-09-11T00:34:00Z,1324-1-1-AK,,device_not_recording
1789086900000,2026-09-11T00:35:00Z,1324-1-1-AK,,device_not_recording
1789086960000,2026-09-11T00:36:00Z,1324-1-1-AK,,device_not_recording
1789087020000,2026-09-11T00:37:00Z,1324-1-1-AK,,device_not_recording
1789087080000,2026-09-11T00:38:00Z,1324-1-1-AK,,device_not_recording
1789087140000,2026-09-11T00:39:00Z,1324-1-1-AK,,device_not_recording
1789087200000,2026-09-11T00:40:00Z,1324-1-1-AK,,device_not_recording
1789087260000,2026-09-11T00:41:00Z,1324-1-1-AK,,device_not_recording
1789087320000,2026-09-11T00:42:00Z,1324-1-1-AK,,device_not_recording
1789087380000,2026-09-11T00:43:00Z,1324-1-1-AK,,device_not_recording
1789087440000,2026-09-11T00:44:00Z,1324-1-1-AK,,device_not_recording
1789087500000,2026-09-11T00:45:00Z,1324-1-1-AK,,device_not_recording
1789087560000,2026-09-11T00:46:00Z,1324-1-1-AK,,device_not_recording
1789087620000,2026-09-11T00:47:00Z,1324-1-1-AK,,device_not_recording
1789087680000,2026-09-11T00:48:00Z,1324-1-1-AK,,device_not_recording
1789087740000,2026-09-11T00:49:00Z,1324-1-1-AK,,device_not_recording
1789087800000,2026-09-11T00:50:00Z,1324-1-1-AK,,device_not_recording
1789087860000,2026-09-11T00:51:00Z,1324-1-1-AK,,device_not_recording
1789087920000,2026-09-11T00:52:00Z,1324-1-1-AK,,device_not_recording
1789087980000,2026-09-11T00:53:00Z,1324-1-1-AK,,device_not_recording
1789088040000,2026-09-11T00:54:00Z,1324-1-1-AK,,device_not_recording
1789088100000,2026-09-11T00:55:00Z,1324-1-1-AK,,device_not_recording
1789088160000,2026-09-11T00:56:00Z,1324-1-1-AK,,device_not_recording
1789088220000,2026-09-11T00:57:00Z,1324-1-1-AK,,device_not_recording
1789088280000,2026-09-11T00:58:00Z,1324-1-1-AK,,device_not_recording
1789088340000,2026-09-11T00:59:00Z,1324-1-1-AK,,device_not_recording
1789088400000,2026-09-11T01:00:00Z,1324-1-1-AK,,device_not_recording
1789088460000,2026-09-11T01:01:00Z,1324-1-1-AK,,device_not_recording
1789088520000,2026-09-11T01:02:00Z,1324-1-1-AK,,device_not_recording
1789088580000,2026-09-11T01:03:00Z,1324-1-1-AK,,device_not_recording
1789088640000,2026-09-11T01:04:00Z,1324-1-1-AK,,device_not_recording
1789088700000,2026-09-11T01:05:00Z,1324-1-1-AK,,device_not_recording
1789088760000,2026-09-11T01:06:00Z,1324-1-1-AK,,device_not_recording
1789088820000,2026-09-11T01:07:00Z,1324-1-1-AK,,device_not_recording
1789088880000,2026-09-11T01:08:00Z,1324-1-1-AK,,device_not_recording
1789088940000,2026-09-11T01:09:00Z,1324-1-1-AK,,device_not_recording
1789089000000,2026-09-11T01:10:00Z,1324-1-1-AK,,device_not_recording
1789089060000,2026-09-11T01:11:00Z,1324-1-1-AK,,device_not_recording
1789089120000,2026-09-11T01:12:00Z,1324-1-1-AK,,device_not_recording
1789089180000,2026-09-11T01:13:00Z,1324-1-1-AK,,device_not_recording
1789089240000,2026-09-11T01:14:00Z,1324-1-1-AK,,device_not_recording
1789089300000,2026-09-11T01:15:00Z,1324-1-1-AK,,device_not_recording
1789089360000,2026-09-11T01:16:00Z,1324-1-1-AK,,device_not_recording
1789089420000,2026-09-11T01:17:00Z,1324-1-1-AK,,device_not_recording
1789089480000,2026-09-11T01:18:00Z,1324-1-1-AK,,device_not_recording
1789089540000,2026-09-11T01:19:00Z,1324-1-1-AK,,device_not_recording
1789089600000,2026-09-11T01:20:00Z,1324-1-1-AK,,device_not_recording
1789089660000,2026-09-11T01:21:00Z,1324-1-1-AK,,device_not_recording
1789089720000,2026-09-11T01:22:00Z,1324-1-1-AK,,device_not_recording
1789089780000,2026-09-11T01:23:00Z,1324-1-1-AK,,device_not_recording
1789089840000,2026-09-11T01:24:00Z,1324-1-1-AK,,device_not_recording
1789089900000,2026-09-11T01:25:00Z,1324-1-1-AK,,device_not_recording
1789089960000,2026-09-11T01:26:00Z,1324-1-1-AK,,device_not_recording
1789090020000,2026-09-11T01:27:00Z,1324-1-1-AK,,device_not_recording
1789090080000,2026-09-11T01:28:00Z,1324-1-1-AK,,device_not_recording
1789090140000,2026-09-11T01:29:00Z,1324-1-1-AK,,device_not_recording
1789090200000,2026-09-11T01:30:00Z,1324-1-1-AK,,device_not_recording
1789090260000,2026-09-11T01:31:00Z,1324-1-1-AK,,device_not_recording
1789090320000,2026-09-11T01:32:00Z,1324-1-1-AK,,device_not_recording
1789090380000,2026-09-11T01:33:00Z,1324-1-1-AK,,device_not_recording
1789090440000,2026-09-11T01:34:00Z,1324-1-1-AK,,device_not_recording
1789090500000,2026-09-11T01:35:00Z,1324-1-1-AK,,device_not_recording
1789090560000,2026-09-11T01:36:00Z,1324-1-1-AK,,device_not_recording
1789090620000,2026-09-11T01:37:00Z,1324-1-1-AK,,device_not_recording
1789090680000,2026-09-11T01:38:00Z,1324-1-1-AK,,device_not_recording
1789090740000,2026-09-11T01:39:00Z,1324-1-1-AK,,device_not_recording
1789090800000,2026-09-11T01:40:00Z,1324-1-1-AK,,device_not_recording
1789090860000,2026-09-11T01:41:00Z,1324-1-1-AK,,device_not_recording
1789090920000,2026-09-11T01:42:00Z,1324-1-1-AK,,device_not_recording
1789090980000,2026-09-11T01:43:00Z,1324-1-1-AK,,device_not_recording
1789091040000,2026-09-11T01:44:00Z,1324-1-1-AK,,device_not_recording
1789091100000,2026-09-11T01:45:00Z,1324-1-1-AK,,device_not_recording
1789091160000,2026-09-11T01:46:00Z,1324-1-1-AK,,device_not_recording
1789091220000,2026-09-11T01:47:00Z,1324-1-1-AK,,device_not_recording
1789091280000,2026-09-11T01:48:00Z,1324-1-1-AK,,device_not_recording
1789091340000,2026-09-11T01:49:00Z,1324-1-1-AK,,device_not_recording
1789091400000,2026-09-11T01:50:00Z,1324-1-1-AK,,device_not_recording
1789091460000,2026-09-11T01:51:00Z,1324-1-1-AK,,device_not_recording
1789091520000,2026-09-11T01:52:00Z,1324-1-1-AK,,device_not_recording
1789091580000,2026-09-11T01:53:00Z,1324-1-1-AK,,device_not_recording
1789091640000,2026-09-11T01:54:00Z,1324-1-1-AK,,device_not_recording
1789091700000,2026-09-11T01:55:00Z,1324-1-1-AK,,device_not_recording
1789091760000,2026-09-11T01:56:00Z,1324-1-1-AK,,device_not_recording
1789091820000,2026-09-11T01:57:00Z,1324-1-1-AK,,device_not_recording
1789091880000,2026-09-11T01:58:00Z,1324-1-1-AK,,device_not_recording
1789091940000,2026-09-11T01:59:00Z,1324-1-1-AK,,device_not_recording
1789092000000,2026-09-11T02:00:00Z,1324-1-1-AK,,device_not_recording
1789092060000,2026-09-11T02:01:00Z,1324-1-1-AK,,device_not_recording
1789092120000,2026-09-11T02:02:00Z,1324-1-1-AK,,device_not_recording
1789092180000,2026-09-11T02:03:00Z,1324-1-1-AK,,device_not_recording
1789092240000,2026-09-11T02:04:00Z,1324-1-1-AK,,device_not_recording
1789092300000,2026-09-11T02:05:00Z,1324-1-1-AK,,device_not_worn_correctly
1789092360000,2026-09-11T02:06:00Z,1324-1-1-AK,,device_not_worn_correctly
1789092420000,2026-09-11T02:07:00Z,1324-1-1-AK,,device_not_recording
1789092480000,2026-09-11T02:08:00Z,1324-1-1-AK,,device_not_worn_correctly
1789092540000,2026-09-11T02:09:00Z,1324-1-1-AK,,device_not_worn_correctly
1789092600000,2026-09-11T02:10:00Z,1324-1-1-AK,,device_not_worn_correctly
1789092660000,2026-09-11T02:11:00Z,1324-1-1-AK,,device_not_worn_correctly
1789092720000,2026-09-11T02:12:00Z,1324-1-1-AK,,device_not_worn_correctly
1789092780000,2026-09-11T02:13:00Z,1324-1-1-AK,,device_not_worn_correctly
1789092840000,2026-09-11T02:14:00Z,1324-1-1-AK,,device_not_worn_correctly
1789092900000,2026-09-11T02:15:00Z,1324-1-1-AK,,device_not_worn_correctly
1789092960000,2026-09-11T02:16:00Z,1324-1-1-AK,,device_not_worn_correctly
1789093020000,2026-09-11T02:17:00Z,1324-1-1-AK,,device_not_worn_correctly
1789093080000,2026-09-11T02:18:00Z,1324-1-1-AK,,device_not_worn_correctly
1789093140000,2026-09-11T02:19:00Z,1324-1-1-AK,,device_not_worn_correctly
1789093200000,2026-09-11T02:20:00Z,1324-1-1-AK,,device_not_worn_correctly
1789093260000,2026-09-11T02:21:00Z,1324-1-1-AK,,device_not_worn_correctly
1789093320000,2026-09-11T02:22:00Z,1324-1-1-AK,,device_not_worn_correctly
1789093380000,2026-09-11T02:23:00Z,1324-1-1-AK,,device_not_worn_correctly
1789093440000,2026-09-11T02:24:00Z,1324-1-1-AK,,device_not_worn_correctly
1789093500000,2026-09-11T02:25:00Z,1324-1-1-AK,,device_not_worn_correctly
1789093560000,2026-09-11T02:26:00Z,1324-1-1-AK,,device_not_worn_correctly
1789093620000,2026-09-11T02:27:00Z,1324-1-1-AK,,device_not_worn_correctly
1789093680000,2026-09-11T02:28:00Z,1324-1-1-AK,,device_not_worn_correctly
1789093740000,2026-09-11T02:29:00Z,1324-1-1-AK,,device_not_worn_correctly
1789093800000,2026-09-11T02:30:00Z,1324-1-1-AK,,device_not_worn_correctly
1789093860000,2026-09-11T02:31:00Z,1324-1-1-AK,,device_not_worn_correctly
1789093920000,2026-09-11T02:32:00Z,1324-1-1-AK,,device_not_worn_correctly
1789093980000,2026-09-11T02:33:00Z,1324-1-1-AK,,device_not_worn_correctly
1789094040000,2026-09-11T02:34:00Z,1324-1-1-AK,,device_not_worn_correctly
1789094100000,2026-09-11T02:35:00Z,1324-1-1-AK,,device_not_worn_correctly
1789094160000,2026-09-11T02:36:00Z,1324-1-1-AK,,device_not_worn_correctly
1789094220000,2026-09-11T02:37:00Z,1324-1-1-AK,,device_not_worn_correctly
1789094280000,2026-09-11T02:38:00Z,1324-1-1-AK,,device_not_worn_correctly
1789094340000,2026-09-11T02:39:00Z,1324-1-1-AK,,device_not_worn_correctly
1789094400000,2026-09-11T02:40:00Z,1324-1-1-AK,,device_not_worn_correctly
1789094460000,2026-09-11T02:41:00Z,1324-1-1-AK,,device_not_worn_correctly
1789094520000,2026-09-11T02:42:00Z,1324-1-1-AK,,device_not_worn_correctly
1789094580000,2026-09-11T02:43:00Z,1324-1-1-AK,,device_not_worn_correctly
1789094640000,2026-09-11T02:44:00Z,1324-1-1-AK,,device_not_worn_correctly
1789094700000,2026-09-11T02:45:00Z,1324-1-1-AK,,device_not_worn_correctly
1789094760000,2026-09-11T02:46:00Z,1324-1-1-AK,,device_not_worn_correctly
1789094820000,2026-09-11T02:47:00Z,1324-1-1-AK,,device_not_worn_correctly
1789094880000,2026-09-11T02:48:00Z,1324-1-1-AK,,device_not_worn_correctly
1789094940000,2026-09-11T02:49:00Z,1324-1-1-AK,,device_not_worn_correctly
1789095000000,2026-09-11T02:50:00Z,1324-1-1-AK,,device_not_worn_correctly
1789095060000,2026-09-11T02:51:00Z,1324-1-1-AK,,device_not_worn_correctly
1789095120000,2026-09-11T02:52:00Z,1324-1-1-AK,,device_not_worn_correctly
1789095180000,2026-09-11T02:53:00Z,1324-1-1-AK,,device_not_worn_correctly
1789095240000,2026-09-11T02:54:00Z,1324-1-1-AK,,device_not_worn_correctly
1789095300000,2026-09-11T02:55:00Z,1324-1-1-AK,,device_not_worn_correctly
1789095360000,2026-09-11T02:56:00Z,1324-1-1-AK,,device_not_worn_correctly
1789095420000,2026-09-11T02:57:00Z,1324-1-1-AK,,device_not_worn_correctly
1789095480000,2026-09-11T02:58:00Z,1324-1-1-AK,,device_not_worn_correctly
1789095540000,2026-09-11T02:59:00Z,1324-1-1-AK,,device_not_worn_correctly
1789095600000,2026-09-11T03:00:00Z,1324-1-1-AK,,device_not_worn_correctly
1789095660000,2026-09-11T03:01:00Z,1324-1-1-AK,,device_not_worn_correctly
1789095720000,2026-09-11T03:02:00Z,1324-1-1-AK,,device_not_worn_correctly
1789095780000,2026-09-11T03:03:00Z,1324-1-1-AK,,device_not_worn_correctly
1789095840000,2026-09-11T03:04:00Z,1324-1-1-AK,,device_not_worn_correctly
1789095900000,2026-09-11T03:05:00Z,1324-1-1-AK,,device_not_worn_correctly
1789095960000,2026-09-11T03:06:00Z,1324-1-1-AK,,device_not_worn_correctly
1789096020000,2026-09-11T03:07:00Z,1324-1-1-AK,,device_not_worn_correctly
1789096080000,2026-09-11T03:08:00Z,1324-1-1-AK,,device_not_worn_correctly
1789096140000,2026-09-11T03:09:00Z,1324-1-1-AK,,device_not_worn_correctly
1789096200000,2026-09-11T03:10:00Z,1324-1-1-AK,,device_not_worn_correctly
1789096260000,2026-09-11T03:11:00Z,1324-1-1-AK,,device_not_worn_correctly
1789096320000,2026-09-11T03:12:00Z,1324-1-1-AK,,device_not_worn_correctly
1789096380000,2026-09-11T03:13:00Z,1324-1-1-AK,,device_not_worn_correctly
1789096440000,2026-09-11T03:14:00Z,1324-1-1-AK,,device_not_worn_correctly
1789096500000,2026-09-11T03:15:00Z,1324-1-1-AK,,device_not_worn_correctly
1789096560000,2026-09-11T03:16:00Z,1324-1-1-AK,,device_not_worn_correctly
1789096620000,2026-09-11T03:17:00Z,1324-1-1-AK,,device_not_worn_correctly
1789096680000,2026-09-11T03:18:00Z,1324-1-1-AK,,device_not_worn_correctly
1789096740000,2026-09-11T03:19:00Z,1324-1-1-AK,,device_not_worn_correctly
1789096800000,2026-09-11T03:20:00Z,1324-1-1-AK,,device_not_worn_correctly
1789096860000,2026-09-11T03:21:00Z,1324-1-1-AK,,device_not_worn_correctly
1789096920000,2026-09-11T03:22:00Z,1324-1-1-AK,,device_not_worn_correctly
1789096980000,2026-09-11T03:23:00Z,1324-1-1-AK,,device_not_worn_correctly
1789097040000,2026-09-11T03:24:00Z,1324-1-1-AK,,device_not_worn_correctly
1789097100000,2026-09-11T03:25:00Z,1324-1-1-AK,,device_not_worn_correctly
1789097160000,2026-09-11T03:26:00Z,1324-1-1-AK,,device_not_worn_correctly
1789097220000,2026-09-11T03:27:00Z,1324-1-1-AK,,device_not_worn_correctly
1789097280000,2026-09-11T03:28:00Z,1324-1-1-AK,,device_not_worn_correctly
1789097340000,2026-09-11T03:29:00Z,1324-1-1-AK,,device_not_worn_correctly
1789097400000,2026-09-11T03:30:00Z,1324-1-1-AK,,device_not_worn_correctly
1789097460000,2026-09-11T03:31:00Z,1324-1-1-AK,,device_not_worn_correctly
1789097520000,2026-09-11T03:32:00Z,1324-1-1-AK,,device_not_worn_correctly
1789097580000,2026-09-11T03:33:00Z,1324-1-1-AK,,device_not_worn_correctly
1789097640000,2026-09-11T03:34:00Z,1324-1-1-AK,,device_not_worn_correctly
1789097700000,2026-09-11T03:35:00Z,1324-1-1-AK,,device_not_worn_correctly
1789097760000,2026-09-11T03:36:00Z,1324-1-1-AK,,device_not_worn_correctly
1789097820000,2026-09-11T03:37:00Z,1324-1-1-AK,,device_not_worn_correctly
1789097880000,2026-09-11T03:38:00Z,1324-1-1-AK,,device_not_worn_correctly
1789097940000,2026-09-11T03:39:00Z,1324-1-1-AK,,device_not_worn_correctly
1789098000000,2026-09-11T03:40:00Z,1324-1-1-AK,,device_not_worn_correctly
1789098060000,2026-09-11T03:41:00Z,1324-1-1-AK,,device_not_worn_correctly
1789098120000,2026-09-11T03:42:00Z,1324-1-1-AK,,device_not_worn_correctly
1789098180000,2026-09-11T03:43:00Z,1324-1-1-AK,,device_not_worn_correctly
1789098240000,2026-09-11T03:44:00Z,1324-1-1-AK,,device_not_worn_correctly
1789098300000,2026-09-11T03:45:00Z,1324-1-1-AK,,device_not_worn_correctly
1789098360000,2026-09-11T03:46:00Z,1324-1-1-AK,,device_not_recording
1789098420000,2026-09-11T03:47:00Z,1324-1-1-AK,,device_not_recording
1789098480000,2026-09-11T03:48:00Z,1324-1-1-AK,,device_not_recording
1789098540000,2026-09-11T03:49:00Z,1324-1-1-AK,,device_not_recording
1789098600000,2026-09-11T03:50:00Z,1324-1-1-AK,,device_not_recording
1789098660000,2026-09-11T03:51:00Z,1324-1-1-AK,,device_not_recording
1789098720000,2026-09-11T03:52:00Z,1324-1-1-AK,,device_not_recording
1789098780000,2026-09-11T03:53:00Z,1324-1-1-AK,,device_not_recording
1789098840000,2026-09-11T03:54:00Z,1324-1-1-AK,,device_not_recording
1789098900000,2026-09-11T03:55:00Z,1324-1-1-AK,,device_not_recording
1789098960000,2026-09-11T03:56:00Z,1324-1-1-AK,,device_not_recording
1789099020000,2026-09-11T03:57:00Z,1324-1-1-AK,,device_not_recording
1789099080000,2026-09-11T03:58:00Z,1324-1-1-AK,,device_not_recording
1789099140000,2026-09-11T03:59:00Z,1324-1-1-AK,,device_not_recording
1789099200000,2026-09-11T04:00:00Z,1324-1-1-AK,,device_not_recording
1789099260000,2026-09-11T04:01:00Z,1324-1-1-AK,,device_not_recording
1789099320000,2026-09-11T04:02:00Z,1324-1-1-AK,,device_not_recording
1789099380000,2026-09-11T04:03:00Z,1324-1-1-AK,,device_not_recording
1789099440000,2026-09-11T04:04:00Z,1324-1-1-AK,,device_not_recording
1789099500000,2026-09-11T04:05:00Z,1324-1-1-AK,,device_not_recording
1789099560000,2026-09-11T04:06:00Z,1324-1-1-AK,,device_not_recording
1789099620000,2026-09-11T04:07:00Z,1324-1-1-AK,,device_not_recording
1789099680000,2026-09-11T04:08:00Z,1324-1-1-AK,,device_not_recording
1789099740000,2026-09-11T04:09:00Z,1324-1-1-AK,,device_not_recording
1789099800000,2026-09-11T04:10:00Z,1324-1-1-AK,,device_not_recording
1789099860000,2026-09-11T04:11:00Z,1324-1-1-AK,,device_not_recording
1789099920000,2026-09-11T04:12:00Z,1324-1-1-AK,,device_not_recording
1789099980000,2026-09-11T04:13:00Z,1324-1-1-AK,,device_not_recording
1789100040000,2026-09-11T04:14:00Z,1324-1-1-AK,,device_not_recording
1789100100000,2026-09-11T04:15:00Z,1324-1-1-AK,,device_not_recording
1789100160000,2026-09-11T04:16:00Z,1324-1-1-AK,,device_not_recording
1789100220000,2026-09-11T04:17:00Z,1324-1-1-AK,,device_not_recording
1789100280000,2026-09-11T04:18:00Z,1324-1-1-AK,,device_not_recording
1789100340000,2026-09-11T04:19:00Z,1324-1-1-AK,,device_not_recording
1789100400000,2026-09-11T04:20:00Z,1324-1-1-AK,,device_not_recording
1789100460000,2026-09-11T04:21:00Z,1324-1-1-AK,,device_not_recording
1789100520000,2026-09-11T04:22:00Z,1324-1-1-AK,,device_not_recording
1789100580000,2026-09-11T04:23:00Z,1324-1-1-AK,,device_not_recording
1789100640000,2026-09-11T04:24:00Z,1324-1-1-AK,,device_not_recording
1789100700000,2026-09-11T04:25:00Z,1324-1-1-AK,,device_not_recording
1789100760000,2026-09-11T04:26:00Z,1324-1-1-AK,,device_not_recording
1789100820000,2026-09-11T04:27:00Z,1324-1-1-AK,,device_not_recording
1789100880000,2026-09-11T04:28:00Z,1324-1-1-AK,,device_not_recording
1789100940000,2026-09-11T04:29:00Z,1324-1-1-AK,,device_not_recording
1789101000000,2026-09-11T04:30:00Z,1324-1-1-AK,,device_not_recording
1789101060000,2026-09-11T04:31:00Z,1324-1-1-AK,,device_not_recording
1789101120000,2026-09-11T04:32:00Z,1324-1-1-AK,,device_not_recording
1789101180000,2026-09-11T04:33:00Z,1324-1-1-AK,,device_not_recording
1789101240000,2026-09-11T04:34:00Z,1324-1-1-AK,,device_not_recording
1789101300000,2026-09-11T04:35:00Z,1324-1-1-AK,,device_not_recording
1789101360000,2026-09-11T04:36:00Z,1324-1-1-AK,,device_not_recording
1789101420000,2026-09-11T04:37:00Z,1324-1-1-AK,,device_not_recording
1789101480000,2026-09-11T04:38:00Z,1324-1-1-AK,,device_not_recording
1789101540000,2026-09-11T04:39:00Z,1324-1-1-AK,,device_not_recording
1789101600000,2026-09-11T04:40:00Z,1324-1-1-AK,,device_not_recording
1789101660000,2026-09-11T04:41:00Z,1324-1-1-AK,,device_not_recording
1789101720000,2026-09-11T04:42:00Z,1324-1-1-AK,,device_not_recording
1789101780000,2026-09-11T04:43:00Z,1324-1-1-AK,,device_not_recording
1789101840000,2026-09-11T04:44:00Z,1324-1-1-AK,,device_not_recording
1789101900000,2026-09-11T04:45:00Z,1324-1-1-AK,,device_not_recording
1789101960000,2026-09-11T04:46:00Z,1324-1-1-AK,,device_not_recording
1789102020000,2026-09-11T04:47:00Z,1324-1-1-AK,,device_not_recording
1789102080000,2026-09-11T04:48:00Z,1324-1-1-AK,,device_not_recording
1789102140000,2026-09-11T04:49:00Z,1324-1-1-AK,,device_not_recording
1789102200000,2026-09-11T04:50:00Z,1324-1-1-AK,,device_not_recording
1789102260000,2026-09-11T04:51:00Z,1324-1-1-AK,,device_not_recording
1789102320000,2026-09-11T04:52:00Z,1324-1-1-AK,,device_not_recording
1789102380000,2026-09-11T04:53:00Z,1324-1-1-AK,,device_not_recording
1789102440000,2026-09-11T04:54:00Z,1324-1-1-AK,,device_not_recording
1789102500000,2026-09-11T04:55:00Z,1324-1-1-AK,,device_not_recording
1789102560000,2026-09-11T04:56:00Z,1324-1-1-AK,,device_not_recording
1789102620000,2026-09-11T04:57:00Z,1324-1-1-AK,,device_not_recording
1789102680000,2026-09-11T04:58:00Z,1324-1-1-AK,,device_not_recording
1789102740000,2026-09-11T04:59:00Z,1324-1-1-AK,,device_not_recording
1789102800000,2026-09-11T05:00:00Z,1324-1-1-AK,,device_not_recording
1789102860000,2026-09-11T05:01:00Z,1324-1-1-AK,,device_not_recording
1789102920000,2026-09-11T05:02:00Z,1324-1-1-AK,,device_not_recording
1789102980000,2026-09-11T05:03:00Z,1324-1-1-AK,,device_not_recording
1789103040000,2026-09-11T05:04:00Z,1324-1-1-AK,,device_not_recording
1789103100000,2026-09-11T05:05:00Z,1324-1-1-AK,,device_not_recording
1789103160000,2026-09-11T05:06:00Z,1324-1-1-AK,,device_not_recording
1789103220000,2026-09-11T05:07:00Z,1324-1-1-AK,,device_not_recording
1789103280000,2026-09-11T05:08:00Z,1324-1-1-AK,,device_not_recording
1789103340000,2026-09-11T05:09:00Z,1324-1-1-AK,,device_not_recording
1789103400000,2026-09-11T05:10:00Z,1324-1-1-AK,,device_not_recording
1789103460000,2026-09-11T05:11:00Z,1324-1-1-AK,,device_not_recording
1789103520000,2026-09-11T05:12:00Z,1324-1-1-AK,,device_not_recording
1789103580000,2026-09-11T05:13:00Z,1324-1-1-AK,,device_not_recording
1789103640000,2026-09-11T05:14:00Z,1324-1-1-AK,,device_not_recording
1789103700000,2026-09-11T05:15:00Z,1324-1-1-AK,,device_not_recording
1789103760000,2026-09-11T05:16:00Z,1324-1-1-AK,,device_not_recording
1789103820000,2026-09-11T05:17:00Z,1324-1-1-AK,,device_not_recording
1789103880000,2026-09-11T05:18:00Z,1324-1-1-AK,,device_not_recording
1789103940000,2026-09-11T05:19:00Z,1324-1-1-AK,,device_not_recording
1789104000000,2026-09-11T05:20:00Z,1324-1-1-AK,,device_not_recording
1789104060000,2026-09-11T05:21:00Z,1324-1-1-AK,,device_not_recording
1789104120000,2026-09-11T05:22:00Z,1324-1-1-AK,,device_not_recording
1789104180000,2026-09-11T05:23:00Z,1324-1-1-AK,,device_not_recording
1789104240000,2026-09-11T05:24:00Z,1324-1-1-AK,,device_not_recording
1789104300000,2026-09-11T05:25:00Z,1324-1-1-AK,,device_not_recording
1789104360000,2026-09-11T05:26:00Z,1324-1-1-AK,,device_not_recording
1789104420000,2026-09-11T05:27:00Z,1324-1-1-AK,,device_not_recording
1789104480000,2026-09-11T05:28:00Z,1324-1-1-AK,,device_not_recording
1789104540000,2026-09-11T05:29:00Z,1324-1-1-AK,,device_not_recording
1789104600000,2026-09-11T05:30:00Z,1324-1-1-AK,,device_not_recording
1789104660000,2026-09-11T05:31:00Z,1324-1-1-AK,,device_not_recording
1789104720000,2026-09-11T05:32:00Z,1324-1-1-AK,,device_not_recording
1789104780000,2026-09-11T05:33:00Z,1324-1-1-AK,,device_not_recording
1789104840000,2026-09-11T05:34:00Z,1324-1-1-AK,,device_not_recording
1789104900000,2026-09-11T05:35:00Z,1324-1-1-AK,,device_not_recording
1789104960000,2026-09-11T05:36:00Z,1324-1-1-AK,,device_not_recording
1789105020000,2026-09-11T05:37:00Z,1324-1-1-AK,,device_not_recording
1789105080000,2026-09-11T05:38:00Z,1324-1-1-AK,,device_not_recording
1789105140000,2026-09-11T05:39:00Z,1324-1-1-AK,,device_not_recording
1789105200000,2026-09-11T05:40:00Z,1324-1-1-AK,,device_not_recording
1789105260000,2026-09-11T05:41:00Z,1324-1-1-AK,,device_not_recording
1789105320000,2026-09-11T05:42:00Z,1324-1-1-AK,,device_not_recording
1789105380000,2026-09-11T05:43:00Z,1324-1-1-AK,,device_not_recording
1789105440000,2026-09-11T05:44:00Z,1324-1-1-AK,,device_not_recording
1789105500000,2026-09-11T05:45:00Z,1324-1-1-AK,,device_not_recording
1789105560000,2026-09-11T05:46:00Z,1324-1-1-AK,,device_not_recording
1789105620000,2026-09-11T05:47:00Z,1324-1-1-AK,,device_not_recording
1789105680000,2026-09-11T05:48:00Z,1324-1-1-AK,,device_not_recording
1789105740000,2026-09-11T05:49:00Z,1324-1-1-AK,,device_not_recording
1789105800000,2026-09-11T05:50:00Z,1324-1-1-AK,,device_not_recording
1789105860000,2026-09-11T05:51:00Z,1324-1-1-AK,,device_not_recording
1789105920000,2026-09-11T05:52:00Z,1324-1-1-AK,,device_not_recording
1789105980000,2026-09-11T05:53:00Z,1324-1-1-AK,,device_not_recording
1789106040000,2026-09-11T05:54:00Z,1324-1-1-AK,,device_not_recording
1789106100000,2026-09-11T05:55:00Z,1324-1-1-AK,,device_not_recording
1789106160000,2026-09-11T05:56:00Z,1324-1-1-AK,,device_not_recording
1789106220000,2026-09-11T05:57:00Z,1324-1-1-AK,,device_not_recording
1789106280000,2026-09-11T05:58:00Z,1324-1-1-AK,,device_not_recording
1789106340000,2026-09-11T05:59:00Z,1324-1-1-AK,,device_not_recording
1789106400000,2026-09-11T06:00:00Z,1324-1-1-AK,,device_not_recording
1789106460000,2026-09-11T06:01:00Z,1324-1-1-AK,,device_not_recording
1789106520000,2026-09-11T06:02:00Z,1324-1-1-AK,,device_not_recording
1789106580000,2026-09-11T06:03:00Z,1324-1-1-AK,,device_not_recording
1789106640000,2026-09-11T06:04:00Z,1324-1-1-AK,,device_not_recording
1789106700000,2026-09-11T06:05:00Z,1324-1-1-AK,,device_not_recording
1789106760000,2026-09-11T06:06:00Z,1324-1-1-AK,,device_not_recording
1789106820000,2026-09-11T06:07:00Z,1324-1-1-AK,,device_not_recording
1789106880000,2026-09-11T06:08:00Z,1324-1-1-AK,,device_not_recording
1789106940000,2026-09-11T06:09:00Z,1324-1-1-AK,,device_not_recording
1789107000000,2026-09-11T06:10:00Z,1324-1-1-AK,,device_not_recording
1789107060000,2026-09-11T06:11:00Z,1324-1-1-AK,,device_not_recording
1789107120000,2026-09-11T06:12:00Z,1324-1-1-AK,,device_not_recording
1789107180000,2026-09-11T06:13:00Z,1324-1-1-AK,,device_not_recording
1789107240000,2026-09-11T06:14:00Z,1324-1-1-AK,,device_not_recording
1789107300000,2026-09-11T06:15:00Z,1324-1-1-AK,,device_not_recording
1789107360000,2026-09-11T06:16:00Z,1324-1-1-AK,,device_not_recording
1789107420000,2026-09-11T06:17:00Z,1324-1-1-AK,,device_not_recording
1789107480000,2026-09-11T06:18:00Z,1324-1-1-AK,,device_not_recording
1789107540000,2026-09-11T06:19:00Z,1324-1-1-AK,,device_not_recording
1789107600000,2026-09-11T06:20:00Z,1324-1-1-AK,,device_not_recording
1789107660000,2026-09-11T06:21:00Z,1324-1-1-AK,,device_not_recording
1789107720000,2026-09-11T06:22:00Z,1324-1-1-AK,,device_not_recording
1789107780000,2026-09-11T06:23:00Z,1324-1-1-AK,,device_not_recording
1789107840000,2026-09-11T06:24:00Z,1324-1-1-AK,,device_not_recording
1789107900000,2026-09-11T06:25:00Z,1324-1-1-AK,,device_not_recording
1789107960000,2026-09-11T06:26:00Z,1324-1-1-AK,,device_not_recording
1789108020000,2026-09-11T06:27:00Z,1324-1-1-AK,,device_not_recording
1789108080000,2026-09-11T06:28:00Z,1324-1-1-AK,,device_not_recording
1789108140000,2026-09-11T06:29:00Z,1324-1-1-AK,,device_not_recording
1789108200000,2026-09-11T06:30:00Z,1324-1-1-AK,,device_not_recording
1789108260000,2026-09-11T06:31:00Z,1324-1-1-AK,,device_not_recording
1789108320000,2026-09-11T06:32:00Z,1324-1-1-AK,,device_not_recording
1789108380000,2026-09-11T06:33:00Z,1324-1-1-AK,,device_not_recording
1789108440000,2026-09-11T06:34:00Z,1324-1-1-AK,,device_not_recording
1789108500000,2026-09-11T06:35:00Z,1324-1-1-AK,,device_not_recording
1789108560000,2026-09-11T06:36:00Z,1324-1-1-AK,,device_not_recording
1789108620000,2026-09-11T06:37:00Z,1324-1-1-AK,,device_not_recording
1789108680000,2026-09-11T06:38:00Z,1324-1-1-AK,,device_not_recording
1789108740000,2026-09-11T06:39:00Z,1324-1-1-AK,,device_not_recording
1789108800000,2026-09-11T06:40:00Z,1324-1-1-AK,,device_not_recording
1789108860000,2026-09-11T06:41:00Z,1324-1-1-AK,,device_not_recording
1789108920000,2026-09-11T06:42:00Z,1324-1-1-AK,,device_not_recording
1789108980000,2026-09-11T06:43:00Z,1324-1-1-AK,,device_not_recording
1789109040000,2026-09-11T06:44:00Z,1324-1-1-AK,,device_not_recording
1789109100000,2026-09-11T06:45:00Z,1324-1-1-AK,,device_not_recording
1789109160000,2026-09-11T06:46:00Z,1324-1-1-AK,,device_not_recording
1789109220000,2026-09-11T06:47:00Z,1324-1-1-AK,,device_not_recording
1789109280000,2026-09-11T06:48:00Z,1324-1-1-AK,,device_not_recording
1789109340000,2026-09-11T06:49:00Z,1324-1-1-AK,,device_not_recording
1789109400000,2026-09-11T06:50:00Z,1324-1-1-AK,,device_not_recording
1789109460000,2026-09-11T06:51:00Z,1324-1-1-AK,,device_not_recording
1789109520000,2026-09-11T06:52:00Z,1324-1-1-AK,,device_not_recording
1789109580000,2026-09-11T06:53:00Z,1324-1-1-AK,,device_not_recording
1789109640000,2026-09-11T06:54:00Z,1324-1-1-AK,,device_not_recording
1789109700000,2026-09-11T06:55:00Z,1324-1-1-AK,,device_not_recording
1789109760000,2026-09-11T06:56:00Z,1324-1-1-AK,,device_not_recording
1789109820000,2026-09-11T06:57:00Z,1324-1-1-AK,,device_not_recording
1789109880000,2026-09-11T06:58:00Z,1324-1-1-AK,,device_not_recording
1789109940000,2026-09-11T06:59:00Z,1324-1-1-AK,,device_not_recording
1789110000000,2026-09-11T07:00:00Z,1324-1-1-AK,,device_not_recording
1789110060000,2026-09-11T07:01:00Z,1324-1-1-AK,,device_not_recording
1789110120000,2026-09-11T07:02:00Z,1324-1-1-AK,,device_not_recording
1789110180000,2026-09-11T07:03:00Z,1324-1-1-AK,,device_not_recording
1789110240000,2026-09-11T07:04:00Z,1324-1-1-AK,,device_not_recording
1789110300000,2026-09-11T07:05:00Z,1324-1-1-AK,,device_not_recording
1789110360000,2026-09-11T07:06:00Z,1324-1-1-AK,,device_not_recording
1789110420000,2026-09-11T07:07:00Z,1324-1-1-AK,,device_not_recording
1789110480000,2026-09-11T07:08:00Z,1324-1-1-AK,,device_not_recording
1789110540000,2026-09-11T07:09:00Z,1324-1-1-AK,,device_not_recording
1789110600000,2026-09-11T07:10:00Z,1324-1-1-AK,,device_not_recording
1789110660000,2026-09-11T07:11:00Z,1324-1-1-AK,,device_not_recording
1789110720000,2026-09-11T07:12:00Z,1324-1-1-AK,,device_not_recording
1789110780000,2026-09-11T07:13:00Z,1324-1-1-AK,,device_not_recording
1789110840000,2026-09-11T07:14:00Z,1324-1-1-AK,,device_not_recording
1789110900000,2026-09-11T07:15:00Z,1324-1-1-AK,,device_not_recording
1789110960000,2026-09-11T07:16:00Z,1324-1-1-AK,,device_not_recording
1789111020000,2026-09-11T07:17:00Z,1324-1-1-AK,,device_not_recording
1789111080000,2026-09-11T07:18:00Z,1324-1-1-AK,,device_not_recording
1789111140000,2026-09-11T07:19:00Z,1324-1-1-AK,,device_not_recording
1789111200000,2026-09-11T07:20:00Z,1324-1-1-AK,,device_not_recording
1789111260000,2026-09-11T07:21:00Z,1324-1-1-AK,,device_not_recording
1789111320000,2026-09-11T07:22:00Z,1324-1-1-AK,,device_not_recording
1789111380000,2026-09-11T07:23:00Z,1324-1-1-AK,,device_not_recording
1789111440000,2026-09-11T07:24:00Z,1324-1-1-AK,,device_not_recording
1789111500000,2026-09-11T07:25:00Z,1324-1-1-AK,,device_not_recording
1789111560000,2026-09-11T07:26:00Z,1324-1-1-AK,,device_not_recording
1789111620000,2026-09-11T07:27:00Z,1324-1-1-AK,,device_not_recording
1789111680000,2026-09-11T07:28:00Z,1324-1-1-AK,,device_not_recording
1789111740000,2026-09-11T07:29:00Z,1324-1-1-AK,,device_not_recording
1789111800000,2026-09-11T07:30:00Z,1324-1-1-AK,,device_not_recording
1789111860000,2026-09-11T07:31:00Z,1324-1-1-AK,,device_not_recording
1789111920000,2026-09-11T07:32:00Z,1324-1-1-AK,,device_not_recording
1789111980000,2026-09-11T07:33:00Z,1324-1-1-AK,,device_not_recording
1789112040000,2026-09-11T07:34:00Z,1324-1-1-AK,,device_not_recording
1789112100000,2026-09-11T07:35:00Z,1324-1-1-AK,,device_not_recording
1789112160000,2026-09-11T07:36:00Z,1324-1-1-AK,,device_not_recording
1789112220000,2026-09-11T07:37:00Z,1324-1-1-AK,,device_not_recording
1789112280000,2026-09-11T07:38:00Z,1324-1-1-AK,,device_not_recording
1789112340000,2026-09-11T07:39:00Z,1324-1-1-AK,,device_not_recording
1789112400000,2026-09-11T07:40:00Z,1324-1-1-AK,,device_not_recording
1789112460000,2026-09-11T07:41:00Z,1324-1-1-AK,,device_not_recording
1789112520000,2026-09-11T07:42:00Z,1324-1-1-AK,,device_not_recording
1789112580000,2026-09-11T07:43:00Z,1324-1-1-AK,,device_not_recording
1789112640000,2026-09-11T07:44:00Z,1324-1-1-AK,,device_not_recording
1789112700000,2026-09-11T07:45:00Z,1324-1-1-AK,,device_not_recording
1789112760000,2026-09-11T07:46:00Z,1324-1-1-AK,,device_not_recording
1789112820000,2026-09-11T07:47:00Z,1324-1-1-AK,,device_not_recording
1789112880000,2026-09-11T07:48:00Z,1324-1-1-AK,,device_not_recording
1789112940000,2026-09-11T07:49:00Z,1324-1-1-AK,,device_not_recording
1789113000000,2026-09-11T07:50:00Z,1324-1-1-AK,,device_not_recording
1789113060000,2026-09-11T07:51:00Z,1324-1-1-AK,,device_not_recording
1789113120000,2026-09-11T07:52:00Z,1324-1-1-AK,,device_not_recording
1789113180000,2026-09-11T07:53:00Z,1324-1-1-AK,,device_not_recording
1789113240000,2026-09-11T07:54:00Z,1324-1-1-AK,,device_not_recording
1789113300000,2026-09-11T07:55:00Z,1324-1-1-AK,,device_not_recording
1789113360000,2026-09-11T07:56:00Z,1324-1-1-AK,,device_not_recording
1789113420000,2026-09-11T07:57:00Z,1324-1-1-AK,,device_not_recording
1789113480000,2026-09-11T07:58:00Z,1324-1-1-AK,,device_not_recording
1789113540000,2026-09-11T07:59:00Z,1324-1-1-AK,,device_not_recording
1789113600000,2026-09-11T08:00:00Z,1324-1-1-AK,,device_not_recording
1789113660000,2026-09-11T08:01:00Z,1324-1-1-AK,,device_not_recording
1789113720000,2026-09-11T08:02:00Z,1324-1-1-AK,,device_not_recording
1789113780000,2026-09-11T08:03:00Z,1324-1-1-AK,,device_not_recording
1789113840000,2026-09-11T08:04:00Z,1324-1-1-AK,,device_not_recording
1789113900000,2026-09-11T08:05:00Z,1324-1-1-AK,,device_not_recording
1789113960000,2026-09-11T08:06:00Z,1324-1-1-AK,,device_not_recording
1789114020000,2026-09-11T08:07:00Z,1324-1-1-AK,,device_not_recording
1789114080000,2026-09-11T08:08:00Z,1324-1-1-AK,,device_not_recording
1789114140000,2026-09-11T08:09:00Z,1324-1-1-AK,,device_not_recording
1789114200000,2026-09-11T08:10:00Z,1324-1-1-AK,,device_not_recording
1789114260000,2026-09-11T08:11:00Z,1324-1-1-AK,,device_not_recording
1789114320000,2026-09-11T08:12:00Z,1324-1-1-AK,,device_not_recording
1789114380000,2026-09-11T08:13:00Z,1324-1-1-AK,,device_not_recording
1789114440000,2026-09-11T08:14:00Z,1324-1-1-AK,,device_not_recording
1789114500000,2026-09-11T08:15:00Z,1324-1-1-AK,,device_not_recording
1789114560000,2026-09-11T08:16:00Z,1324-1-1-AK,,device_not_recording
1789114620000,2026-09-11T08:17:00Z,1324-1-1-AK,,device_not_recording
1789114680000,2026-09-11T08:18:00Z,1324-1-1-AK,,device_not_recording
1789114740000,2026-09-11T08:19:00Z,1324-1-1-AK,,device_not_recording
1789114800000,2026-09-11T08:20:00Z,1324-1-1-AK,,device_not_recording
1789114860000,2026-09-11T08:21:00Z,1324-1-1-AK,,device_not_recording
1789114920000,2026-09-11T08:22:00Z,1324-1-1-AK,,device_not_recording
1789114980000,2026-09-11T08:23:00Z,1324-1-1-AK,,device_not_recording
1789115040000,2026-09-11T08:24:00Z,1324-1-1-AK,,device_not_recording
1789115100000,2026-09-11T08:25:00Z,1324-1-1-AK,,device_not_recording
1789115160000,2026-09-11T08:26:00Z,1324-1-1-AK,,device_not_recording
1789115220000,2026-09-11T08:27:00Z,1324-1-1-AK,,device_not_recording
1789115280000,2026-09-11T08:28:00Z,1324-1-1-AK,,device_not_recording
1789115340000,2026-09-11T08:29:00Z,1324-1-1-AK,,device_not_recording
1789115400000,2026-09-11T08:30:00Z,1324-1-1-AK,,device_not_recording
1789115460000,2026-09-11T08:31:00Z,1324-1-1-AK,,device_not_recording
1789115520000,2026-09-11T08:32:00Z,1324-1-1-AK,,device_not_recording
1789115580000,2026-09-11T08:33:00Z,1324-1-1-AK,,device_not_recording
1789115640000,2026-09-11T08:34:00Z,1324-1-1-AK,,device_not_recording
1789115700000,2026-09-11T08:35:00Z,1324-1-1-AK,,device_not_recording
1789115760000,2026-09-11T08:36:00Z,1324-1-1-AK,,device_not_recording
1789115820000,2026-09-11T08:37:00Z,1324-1-1-AK,,device_not_recording
1789115880000,2026-09-11T08:38:00Z,1324-1-1-AK,,device_not_recording
1789115940000,2026-09-11T08:39:00Z,1324-1-1-AK,,device_not_recording
1789116000000,2026-09-11T08:40:00Z,1324-1-1-AK,,device_not_recording
1789116060000,2026-09-11T08:41:00Z,1324-1-1-AK,,device_not_recording
1789116120000,2026-09-11T08:42:00Z,1324-1-1-AK,,device_not_recording
1789116180000,2026-09-11T08:43:00Z,1324-1-1-AK,,device_not_recording
1789116240000,2026-09-11T08:44:00Z,1324-1-1-AK,,device_not_recording
1789116300000,2026-09-11T08:45:00Z,1324-1-1-AK,,device_not_recording
1789116360000,2026-09-11T08:46:00Z,1324-1-1-AK,,device_not_recording
1789116420000,2026-09-11T08:47:00Z,1324-1-1-AK,,device_not_recording
1789116480000,2026-09-11T08:48:00Z,1324-1-1-AK,,device_not_recording
1789116540000,2026-09-11T08:49:00Z,1324-1-1-AK,,device_not_recording
1789116600000,2026-09-11T08:50:00Z,1324-1-1-AK,,device_not_recording
1789116660000,2026-09-11T08:51:00Z,1324-1-1-AK,,device_not_recording
1789116720000,2026-09-11T08:52:00Z,1324-1-1-AK,,device_not_recording
1789116780000,2026-09-11T08:53:00Z,1324-1-1-AK,,device_not_recording
1789116840000,2026-09-11T08:54:00Z,1324-1-1-AK,,device_not_recording
1789116900000,2026-09-11T08:55:00Z,1324-1-1-AK,,device_not_recording
1789116960000,2026-09-11T08:56:00Z,1324-1-1-AK,,device_not_recording
1789117020000,2026-09-11T08:57:00Z,1324-1-1-AK,,device_not_recording
1789117080000,2026-09-11T08:58:00Z,1324-1-1-AK,,device_not_recording
1789117140000,2026-09-11T08:59:00Z,1324-1-1-AK,,device_not_recording
1789117200000,2026-09-11T09:00:00Z,1324-1-1-AK,,device_not_recording
1789117260000,2026-09-11T09:01:00Z,1324-1-1-AK,,device_not_recording
1789117320000,2026-09-11T09:02:00Z,1324-1-1-AK,,device_not_recording
1789117380000,2026-09-11T09:03:00Z,1324-1-1-AK,,device_not_recording
1789117440000,2026-09-11T09:04:00Z,1324-1-1-AK,,device_not_recording
1789117500000,2026-09-11T09:05:00Z,1324-1-1-AK,,device_not_recording
1789117560000,2026-09-11T09:06:00Z,1324-1-1-AK,,device_not_recording
1789117620000,2026-09-11T09:07:00Z,1324-1-1-AK,,device_not_recording
1789117680000,2026-09-11T09:08:00Z,1324-1-1-AK,,device_not_recording
1789117740000,2026-09-11T09:09:00Z,1324-1-1-AK,,device_not_recording
1789117800000,2026-09-11T09:10:00Z,1324-1-1-AK,,device_not_recording
1789117860000,2026-09-11T09:11:00Z,1324-1-1-AK,,device_not_recording
1789117920000,2026-09-11T09:12:00Z,1324-1-1-AK,,device_not_recording
1789117980000,2026-09-11T09:13:00Z,1324-1-1-AK,,device_not_recording
1789118040000,2026-09-11T09:14:00Z,1324-1-1-AK,,device_not_recording
1789118100000,2026-09-11T09:15:00Z,1324-1-1-AK,,device_not_recording
1789118160000,2026-09-11T09:16:00Z,1324-1-1-AK,,device_not_recording
1789118220000,2026-09-11T09:17:00Z,1324-1-1-AK,,device_not_recording
1789118280000,2026-09-11T09:18:00Z,1324-1-1-AK,,device_not_recording
1789118340000,2026-09-11T09:19:00Z,1324-1-1-AK,,device_not_recording
1789118400000,2026-09-11T09:20:00Z,1324-1-1-AK,,device_not_recording
1789118460000,2026-09-11T09:21:00Z,1324-1-1-AK,,device_not_recording
1789118520000,2026-09-11T09:22:00Z,1324-1-1-AK,,device_not_recording
1789118580000,2026-09-11T09:23:00Z,1324-1-1-AK,,device_not_recording
1789118640000,2026-09-11T09:24:00Z,1324-1-1-AK,,device_not_recording
1789118700000,2026-09-11T09:25:00Z,1324-1-1-AK,,device_not_recording
1789118760000,2026-09-11T09:26:00Z,1324-1-1-AK,,device_not_recording
1789118820000,2026-09-11T09:27:00Z,1324-1-1-AK,,device_not_recording
1789118880000,2026-09-11T09:28:00Z,1324-1-1-AK,,device_not_recording
1789118940000,2026-09-11T09:29:00Z,1324-1-1-AK,,device_not_recording
1789119000000,2026-09-11T09:30:00Z,1324-1-1-AK,,device_not_recording
1789119060000,2026-09-11T09:31:00Z,1324-1-1-AK,,device_not_recording
1789119120000,2026-09-11T09:32:00Z,1324-1-1-AK,,device_not_recording
1789119180000,2026-09-11T09:33:00Z,1324-1-1-AK,,device_not_recording
1789119240000,2026-09-11T09:34:00Z,1324-1-1-AK,,device_not_recording
1789119300000,2026-09-11T09:35:00Z,1324-1-1-AK,,device_not_recording
1789119360000,2026-09-11T09:36:00Z,1324-1-1-AK,,device_not_recording
1789119420000,2026-09-11T09:37:00Z,1324-1-1-AK,,device_not_recording
1789119480000,2026-09-11T09:38:00Z,1324-1-1-AK,,device_not_recording
1789119540000,2026-09-11T09:39:00Z,1324-1-1-AK,,device_not_recording
1789119600000,2026-09-11T09:40:00Z,1324-1-1-AK,,device_not_recording
1789119660000,2026-09-11T09:41:00Z,1324-1-1-AK,,device_not_recording
1789119720000,2026-09-11T09:42:00Z,1324-1-1-AK,,device_not_recording
1789119780000,2026-09-11T09:43:00Z,1324-1-1-AK,,device_not_recording
1789119840000,2026-09-11T09:44:00Z,1324-1-1-AK,,device_not_recording
1789119900000,2026-09-11T09:45:00Z,1324-1-1-AK,,device_not_recording
1789119960000,2026-09-11T09:46:00Z,1324-1-1-AK,,device_not_recording
1789120020000,2026-09-11T09:47:00Z,1324-1-1-AK,,device_not_recording
1789120080000,2026-09-11T09:48:00Z,1324-1-1-AK,,device_not_recording
1789120140000,2026-09-11T09:49:00Z,1324-1-1-AK,,device_not_recording
1789120200000,2026-09-11T09:50:00Z,1324-1-1-AK,,device_not_recording
1789120260000,2026-09-11T09:51:00Z,1324-1-1-AK,,device_not_recording
1789120320000,2026-09-11T09:52:00Z,1324-1-1-AK,,device_not_recording
1789120380000,2026-09-11T09:53:00Z,1324-1-1-AK,,device_not_recording
1789120440000,2026-09-11T09:54:00Z,1324-1-1-AK,,device_not_recording
1789120500000,2026-09-11T09:55:00Z,1324-1-1-AK,,device_not_recording
1789120560000,2026-09-11T09:56:00Z,1324-1-1-AK,,device_not_recording
1789120620000,2026-09-11T09:57:00Z,1324-1-1-AK,,device_not_recording
1789120680000,2026-09-11T09:58:00Z,1324-1-1-AK,,device_not_recording
1789120740000,2026-09-11T09:59:00Z,1324-1-1-AK,,device_not_recording
1789120800000,2026-09-11T10:00:00Z,1324-1-1-AK,,device_not_recording
1789120860000,2026-09-11T10:01:00Z,1324-1-1-AK,,device_not_recording
1789120920000,2026-09-11T10:02:00Z,1324-1-1-AK,,device_not_recording
1789120980000,2026-09-11T10:03:00Z,1324-1-1-AK,,device_not_recording
1789121040000,2026-09-11T10:04:00Z,1324-1-1-AK,,device_not_recording
1789121100000,2026-09-11T10:05:00Z,1324-1-1-AK,,device_not_recording
1789121160000,2026-09-11T10:06:00Z,1324-1-1-AK,,device_not_recording
1789121220000,2026-09-11T10:07:00Z,1324-1-1-AK,,device_not_recording
1789121280000,2026-09-11T10:08:00Z,1324-1-1-AK,,device_not_recording
1789121340000,2026-09-11T10:09:00Z,1324-1-1-AK,,device_not_recording
1789121400000,2026-09-11T10:10:00Z,1324-1-1-AK,,device_not_recording
1789121460000,2026-09-11T10:11:00Z,1324-1-1-AK,,device_not_recording
1789121520000,2026-09-11T10:12:00Z,1324-1-1-AK,,device_not_recording
1789121580000,2026-09-11T10:13:00Z,1324-1-1-AK,,device_not_recording
1789121640000,2026-09-11T10:14:00Z,1324-1-1-AK,,device_not_recording
1789121700000,2026-09-11T10:15:00Z,1324-1-1-AK,,device_not_recording
1789121760000,2026-09-11T10:16:00Z,1324-1-1-AK,,device_not_recording
1789121820000,2026-09-11T10:17:00Z,1324-1-1-AK,,device_not_recording
1789121880000,2026-09-11T10:18:00Z,1324-1-1-AK,,device_not_recording
1789121940000,2026-09-11T10:19:00Z,1324-1-1-AK,,device_not_recording
1789122000000,2026-09-11T10:20:00Z,1324-1-1-AK,,device_not_recording
1789122060000,2026-09-11T10:21:00Z,1324-1-1-AK,,device_not_recording
1789122120000,2026-09-11T10:22:00Z,1324-1-1-AK,,device_not_recording
1789122180000,2026-09-11T10:23:00Z,1324-1-1-AK,,device_not_recording
1789122240000,2026-09-11T10:24:00Z,1324-1-1-AK,,device_not_recording
1789122300000,2026-09-11T10:25:00Z,1324-1-1-AK,,device_not_recording
1789122360000,2026-09-11T10:26:00Z,1324-1-1-AK,,device_not_recording
1789122420000,2026-09-11T10:27:00Z,1324-1-1-AK,,device_not_recording
1789122480000,2026-09-11T10:28:00Z,1324-1-1-AK,,device_not_recording
1789122540000,2026-09-11T10:29:00Z,1324-1-1-AK,,device_not_recording
1789122600000,2026-09-11T10:30:00Z,1324-1-1-AK,,device_not_recording
1789122660000,2026-09-11T10:31:00Z,1324-1-1-AK,,device_not_recording
1789122720000,2026-09-11T10:32:00Z,1324-1-1-AK,,device_not_recording
1789122780000,2026-09-11T10:33:00Z,1324-1-1-AK,,device_not_recording
1789122840000,2026-09-11T10:34:00Z,1324-1-1-AK,,device_not_recording
1789122900000,2026-09-11T10:35:00Z,1324-1-1-AK,,device_not_recording
1789122960000,2026-09-11T10:36:00Z,1324-1-1-AK,,device_not_recording
1789123020000,2026-09-11T10:37:00Z,1324-1-1-AK,,device_not_recording
1789123080000,2026-09-11T10:38:00Z,1324-1-1-AK,,device_not_recording
1789123140000,2026-09-11T10:39:00Z,1324-1-1-AK,,device_not_recording
1789123200000,2026-09-11T10:40:00Z,1324-1-1-AK,,device_not_recording
1789123260000,2026-09-11T10:41:00Z,1324-1-1-AK,,device_not_recording
1789123320000,2026-09-11T10:42:00Z,1324-1-1-AK,,device_not_recording
1789123380000,2026-09-11T10:43:00Z,1324-1-1-AK,,device_not_recording
1789123440000,2026-09-11T10:44:00Z,1324-1-1-AK,,device_not_recording
1789123500000,2026-09-11T10:45:00Z,1324-1-1-AK,,device_not_recording
1789123560000,2026-09-11T10:46:00Z,1324-1-1-AK,,device_not_recording
1789123620000,2026-09-11T10:47:00Z,1324-1-1-AK,,device_not_recording
1789123680000,2026-09-11T10:48:00Z,1324-1-1-AK,,device_not_recording
1789123740000,2026-09-11T10:49:00Z,1324-1-1-AK,,device_not_recording
1789123800000,2026-09-11T10:50:00Z,1324-1-1-AK,,device_not_recording
1789123860000,2026-09-11T10:51:00Z,1324-1-1-AK,,device_not_recording
1789123920000,2026-09-11T10:52:00Z,1324-1-1-AK,,device_not_recording
1789123980000,2026-09-11T10:53:00Z,1324-1-1-AK,,device_not_recording
1789124040000,2026-09-11T10:54:00Z,1324-1-1-AK,,device_not_recording
1789124100000,2026-09-11T10:55:00Z,1324-1-1-AK,,device_not_recording
1789124160000,2026-09-11T10:56:00Z,1324-1-1-AK,,device_not_recording
1789124220000,2026-09-11T10:57:00Z,1324-1-1-AK,,device_not_recording
1789124280000,2026-09-11T10:58:00Z,1324-1-1-AK,,device_not_recording
1789124340000,2026-09-11T10:59:00Z,1324-1-1-AK,,device_not_recording
1789124400000,2026-09-11T11:00:00Z,1324-1-1-AK,,device_not_recording
1789124460000,2026-09-11T11:01:00Z,1324-1-1-AK,,device_not_recording
1789124520000,2026-09-11T11:02:00Z,1324-1-1-AK,,device_not_recording
1789124580000,2026-09-11T11:03:00Z,1324-1-1-AK,,device_not_recording
1789124640000,2026-09-11T11:04:00Z,1324-1-1-AK,,device_not_recording
1789124700000,2026-09-11T11:05:00Z,1324-1-1-AK,,device_not_recording
1789124760000,2026-09-11T11:06:00Z,1324-1-1-AK,,device_not_recording
1789124820000,2026-09-11T11:07:00Z,1324-1-1-AK,,device_not_recording
1789124880000,2026-09-11T11:08:00Z,1324-1-1-AK,,device_not_recording
1789124940000,2026-09-11T11:09:00Z,1324-1-1-AK,,device_not_recording
1789125000000,2026-09-11T11:10:00Z,1324-1-1-AK,,device_not_recording
1789125060000,2026-09-11T11:11:00Z,1324-1-1-AK,,device_not_recording
1789125120000,2026-09-11T11:12:00Z,1324-1-1-AK,,device_not_recording
1789125180000,2026-09-11T11:13:00Z,1324-1-1-AK,,device_not_recording
1789125240000,2026-09-11T11:14:00Z,1324-1-1-AK,,device_not_recording
1789125300000,2026-09-11T11:15:00Z,1324-1-1-AK,,device_not_recording
1789125360000,2026-09-11T11:16:00Z,1324-1-1-AK,,device_not_recording
1789125420000,2026-09-11T11:17:00Z,1324-1-1-AK,,device_not_recording
1789125480000,2026-09-11T11:18:00Z,1324-1-1-AK,,device_not_recording
1789125540000,2026-09-11T11:19:00Z,1324-1-1-AK,,device_not_recording
1789125600000,2026-09-11T11:20:00Z,1324-1-1-AK,,device_not_recording
1789125660000,2026-09-11T11:21:00Z,1324-1-1-AK,,device_not_recording
1789125720000,2026-09-11T11:22:00Z,1324-1-1-AK,,device_not_recording
1789125780000,2026-09-11T11:23:00Z,1324-1-1-AK,,device_not_recording
1789125840000,2026-09-11T11:24:00Z,1324-1-1-AK,,device_not_recording
1789125900000,2026-09-11T11:25:00Z,1324-1-1-AK,,device_not_recording
1789125960000,2026-09-11T11:26:00Z,1324-1-1-AK,,device_not_recording
1789126020000,2026-09-11T11:27:00Z,1324-1-1-AK,,device_not_recording
1789126080000,2026-09-11T11:28:00Z,1324-1-1-AK,,device_not_recording
1789126140000,2026-09-11T11:29:00Z,1324-1-1-AK,,device_not_recording
1789126200000,2026-09-11T11:30:00Z,1324-1-1-AK,,device_not_recording
1789126260000,2026-09-11T11:31:00Z,1324-1-1-AK,,device_not_recording
1789126320000,2026-09-11T11:32:00Z,1324-1-1-AK,,device_not_recording
1789126380000,2026-09-11T11:33:00Z,1324-1-1-AK,,device_not_recording
1789126440000,2026-09-11T11:34:00Z,1324-1-1-AK,,device_not_recording
1789126500000,2026-09-11T11:35:00Z,1324-1-1-AK,,device_not_recording
1789126560000,2026-09-11T11:36:00Z,1324-1-1-AK,,device_not_recording
1789126620000,2026-09-11T11:37:00Z,1324-1-1-AK,,device_not_recording
1789126680000,2026-09-11T11:38:00Z,1324-1-1-AK,,device_not_recording
1789126740000,2026-09-11T11:39:00Z,1324-1-1-AK,,device_not_recording
1789126800000,2026-09-11T11:40:00Z,1324-1-1-AK,,device_not_recording
1789126860000,2026-09-11T11:41:00Z,1324-1-1-AK,,device_not_recording
1789126920000,2026-09-11T11:42:00Z,1324-1-1-AK,,device_not_recording
1789126980000,2026-09-11T11:43:00Z,1324-1-1-AK,,device_not_recording
1789127040000,2026-09-11T11:44:00Z,1324-1-1-AK,,device_not_recording
1789127100000,2026-09-11T11:45:00Z,1324-1-1-AK,,device_not_recording
1789127160000,2026-09-11T11:46:00Z,1324-1-1-AK,,device_not_recording
1789127220000,2026-09-11T11:47:00Z,1324-1-1-AK,,device_not_recording
1789127280000,2026-09-11T11:48:00Z,1324-1-1-AK,,device_not_recording
1789127340000,2026-09-11T11:49:00Z,1324-1-1-AK,,device_not_recording
1789127400000,2026-09-11T11:50:00Z,1324-1-1-AK,,device_not_recording
1789127460000,2026-09-11T11:51:00Z,1324-1-1-AK,,device_not_recording
1789127520000,2026-09-11T11:52:00Z,1324-1-1-AK,,device_not_recording
1789127580000,2026-09-11T11:53:00Z,1324-1-1-AK,,device_not_recording
1789127640000,2026-09-11T11:54:00Z,1324-1-1-AK,,device_not_recording
1789127700000,2026-09-11T11:55:00Z,1324-1-1-AK,,device_not_recording
1789127760000,2026-09-11T11:56:00Z,1324-1-1-AK,,device_not_recording
1789127820000,2026-09-11T11:57:00Z,1324-1-1-AK,,device_not_recording
1789127880000,2026-09-11T11:58:00Z,1324-1-1-AK,,device_not_recording
1789127940000,2026-09-11T11:59:00Z,1324-1-1-AK,,device_not_recording
1789128000000,2026-09-11T12:00:00Z,1324-1-1-AK,,device_not_recording
1789128060000,2026-09-11T12:01:00Z,1324-1-1-AK,,device_not_recording
1789128120000,2026-09-11T12:02:00Z,1324-1-1-AK,,device_not_recording
1789128180000,2026-09-11T12:03:00Z,1324-1-1-AK,,device_not_recording
1789128240000,2026-09-11T12:04:00Z,1324-1-1-AK,,device_not_recording
1789128300000,2026-09-11T12:05:00Z,1324-1-1-AK,,device_not_recording
1789128360000,2026-09-11T12:06:00Z,1324-1-1-AK,,device_not_recording
1789128420000,2026-09-11T12:07:00Z,1324-1-1-AK,,device_not_recording
1789128480000,2026-09-11T12:08:00Z,1324-1-1-AK,,device_not_recording
1789128540000,2026-09-11T12:09:00Z,1324-1-1-AK,,device_not_recording
1789128600000,2026-09-11T12:10:00Z,1324-1-1-AK,,device_not_recording
1789128660000,2026-09-11T12:11:00Z,1324-1-1-AK,,device_not_recording
1789128720000,2026-09-11T12:12:00Z,1324-1-1-AK,,device_not_recording
1789128780000,2026-09-11T12:13:00Z,1324-1-1-AK,,device_not_recording
1789128840000,2026-09-11T12:14:00Z,1324-1-1-AK,,device_not_recording
1789128900000,2026-09-11T12:15:00Z,1324-1-1-AK,,device_not_recording
1789128960000,2026-09-11T12:16:00Z,1324-1-1-AK,,device_not_recording
1789129020000,2026-09-11T12:17:00Z,1324-1-1-AK,,device_not_recording
1789129080000,2026-09-11T12:18:00Z,1324-1-1-AK,,device_not_recording
1789129140000,2026-09-11T12:19:00Z,1324-1-1-AK,,device_not_recording
1789129200000,2026-09-11T12:20:00Z,1324-1-1-AK,,device_not_recording
1789129260000,2026-09-11T12:21:00Z,1324-1-1-AK,,device_not_recording
1789129320000,2026-09-11T12:22:00Z,1324-1-1-AK,,device_not_recording
1789129380000,2026-09-11T12:23:00Z,1324-1-1-AK,,device_not_recording
1789129440000,2026-09-11T12:24:00Z,1324-1-1-AK,,device_not_recording
1789129500000,2026-09-11T12:25:00Z,1324-1-1-AK,,device_not_recording
1789129560000,2026-09-11T12:26:00Z,1324-1-1-AK,,device_not_recording
1789129620000,2026-09-11T12:27:00Z,1324-1-1-AK,,device_not_recording
1789129680000,2026-09-11T12:28:00Z,1324-1-1-AK,,device_not_recording
1789129740000,2026-09-11T12:29:00Z,1324-1-1-AK,,device_not_recording
1789129800000,2026-09-11T12:30:00Z,1324-1-1-AK,,device_not_recording
1789129860000,2026-09-11T12:31:00Z,1324-1-1-AK,,device_not_recording
1789129920000,2026-09-11T12:32:00Z,1324-1-1-AK,,device_not_recording
1789129980000,2026-09-11T12:33:00Z,1324-1-1-AK,,device_not_recording
1789130040000,2026-09-11T12:34:00Z,1324-1-1-AK,,device_not_recording
1789130100000,2026-09-11T12:35:00Z,1324-1-1-AK,,device_not_recording
1789130160000,2026-09-11T12:36:00Z,1324-1-1-AK,,device_not_recording
1789130220000,2026-09-11T12:37:00Z,1324-1-1-AK,,device_not_recording
1789130280000,2026-09-11T12:38:00Z,1324-1-1-AK,,device_not_recording
1789130340000,2026-09-11T12:39:00Z,1324-1-1-AK,,device_not_recording
1789130400000,2026-09-11T12:40:00Z,1324-1-1-AK,,device_not_recording
1789130460000,2026-09-11T12:41:00Z,1324-1-1-AK,,device_not_recording
1789130520000,2026-09-11T12:42:00Z,1324-1-1-AK,,device_not_recording
1789130580000,2026-09-11T12:43:00Z,1324-1-1-AK,,device_not_recording
1789130640000,2026-09-11T12:44:00Z,1324-1-1-AK,,device_not_recording
1789130700000,2026-09-11T12:45:00Z,1324-1-1-AK,,device_not_recording
1789130760000,2026-09-11T12:46:00Z,1324-1-1-AK,,device_not_recording
1789130820000,2026-09-11T12:47:00Z,1324-1-1-AK,,device_not_recording
1789130880000,2026-09-11T12:48:00Z,1324-1-1-AK,,device_not_recording
1789130940000,2026-09-11T12:49:00Z,1324-1-1-AK,,device_not_recording
1789131000000,2026-09-11T12:50:00Z,1324-1-1-AK,,device_not_recording
1789131060000,2026-09-11T12:51:00Z,1324-1-1-AK,,device_not_recording
1789131120000,2026-09-11T12:52:00Z,1324-1-1-AK,,device_not_recording
1789131180000,2026-09-11T12:53:00Z,1324-1-1-AK,,device_not_recording
1789131240000,2026-09-11T12:54:00Z,1324-1-1-AK,,device_not_recording
1789131300000,2026-09-11T12:55:00Z,1324-1-1-AK,,device_not_recording
1789131360000,2026-09-11T12:56:00Z,1324-1-1-AK,,device_not_recording
1789131420000,2026-09-11T12:57:00Z,1324-1-1-AK,,device_not_recording
1789131480000,2026-09-11T12:58:00Z,1324-1-1-AK,,device_not_recording
1789131540000,2026-09-11T12:59:00Z,1324-1-1-AK,,device_not_recording
1789131600000,2026-09-11T13:00:00Z,1324-1-1-AK,,device_not_recording
1789131660000,2026-09-11T13:01:00Z,1324-1-1-AK,,device_not_recording
1789131720000,2026-09-11T13:02:00Z,1324-1-1-AK,,device_not_recording
1789131780000,2026-09-11T13:03:00Z,1324-1-1-AK,,device_not_recording
1789131840000,2026-09-11T13:04:00Z,1324-1-1-AK,,device_not_recording
1789131900000,2026-09-11T13:05:00Z,1324-1-1-AK,,device_not_recording
1789131960000,2026-09-11T13:06:00Z,1324-1-1-AK,,device_not_recording
1789132020000,2026-09-11T13:07:00Z,1324-1-1-AK,,device_not_recording
1789132080000,2026-09-11T13:08:00Z,1324-1-1-AK,,device_not_recording
1789132140000,2026-09-11T13:09:00Z,1324-1-1-AK,,device_not_recording
1789132200000,2026-09-11T13:10:00Z,1324-1-1-AK,,device_not_recording
1789132260000,2026-09-11T13:11:00Z,1324-1-1-AK,,device_not_recording
1789132320000,2026-09-11T13:12:00Z,1324-1-1-AK,,device_not_recording
1789132380000,2026-09-11T13:13:00Z,1324-1-1-AK,,device_not_recording
1789132440000,2026-09-11T13:14:00Z,1324-1-1-AK,,device_not_recording
1789132500000,2026-09-11T13:15:00Z,1324-1-1-AK,,device_not_recording
1789132560000,2026-09-11T13:16:00Z,1324-1-1-AK,,device_not_recording
1789132620000,2026-09-11T13:17:00Z,1324-1-1-AK,,device_not_recording
1789132680000,2026-09-11T13:18:00Z,1324-1-1-AK,,device_not_recording
1789132740000,2026-09-11T13:19:00Z,1324-1-1-AK,,device_not_recording
1789132800000,2026-09-11T13:20:00Z,1324-1-1-AK,,device_not_recording
1789132860000,2026-09-11T13:21:00Z,1324-1-1-AK,,device_not_recording
1789132920000,2026-09-11T13:22:00Z,1324-1-1-AK,,device_not_recording
1789132980000,2026-09-11T13:23:00Z,1324-1-1-AK,,device_not_recording
1789133040000,2026-09-11T13:24:00Z,1324-1-1-AK,,device_not_recording
1789133100000,2026-09-11T13:25:00Z,1324-1-1-AK,,device_not_recording
1789133160000,2026-09-11T13:26:00Z,1324-1-1-AK,,device_not_recording
1789133220000,2026-09-11T13:27:00Z,1324-1-1-AK,,device_not_recording
1789133280000,2026-09-11T13:28:00Z,1324-1-1-AK,,device_not_recording
1789133340000,2026-09-11T13:29:00Z,1324-1-1-AK,,device_not_recording
1789133400000,2026-09-11T13:30:00Z,1324-1-1-AK,,device_not_recording
1789133460000,2026-09-11T13:31:00Z,1324-1-1-AK,,device_not_recording
1789133520000,2026-09-11T13:32:00Z,1324-1-1-AK,,device_not_recording
1789133580000,2026-09-11T13:33:00Z,1324-1-1-AK,,device_not_recording
1789133640000,2026-09-11T13:34:00Z,1324-1-1-AK,,device_not_recording
1789133700000,2026-09-11T13:35:00Z,1324-1-1-AK,,device_not_recording
1789133760000,2026-09-11T13:36:00Z,1324-1-1-AK,,device_not_recording
1789133820000,2026-09-11T13:37:00Z,1324-1-1-AK,,device_not_recording
1789133880000,2026-09-11T13:38:00Z,1324-1-1-AK,,device_not_recording
1789133940000,2026-09-11T13:39:00Z,1324-1-1-AK,,device_not_recording
1789134000000,2026-09-11T13:40:00Z,1324-1-1-AK,,device_not_recording
1789134060000,2026-09-11T13:41:00Z,1324-1-1-AK,,device_not_recording
1789134120000,2026-09-11T13:42:00Z,1324-1-1-AK,,device_not_recording
1789134180000,2026-09-11T13:43:00Z,1324-1-1-AK,,device_not_recording
1789134240000,2026-09-11T13:44:00Z,1324-1-1-AK,,device_not_recording
1789134300000,2026-09-11T13:45:00Z,1324-1-1-AK,,device_not_recording
1789134360000,2026-09-11T13:46:00Z,1324-1-1-AK,,device_not_recording
1789134420000,2026-09-11T13:47:00Z,1324-1-1-AK,,device_not_recording
1789134480000,2026-09-11T13:48:00Z,1324-1-1-AK,,device_not_recording
1789134540000,2026-09-11T13:49:00Z,1324-1-1-AK,,device_not_recording
1789134600000,2026-09-11T13:50:00Z,1324-1-1-AK,,device_not_recording
1789134660000,2026-09-11T13:51:00Z,1324-1-1-AK,,device_not_recording
1789134720000,2026-09-11T13:52:00Z,1324-1-1-AK,,device_not_recording
1789134780000,2026-09-11T13:53:00Z,1324-1-1-AK,,device_not_recording
1789134840000,2026-09-11T13:54:00Z,1324-1-1-AK,,device_not_recording
1789134900000,2026-09-11T13:55:00Z,1324-1-1-AK,,device_not_recording
1789134960000,2026-09-11T13:56:00Z,1324-1-1-AK,,device_not_recording
1789135020000,2026-09-11T13:57:00Z,1324-1-1-AK,,device_not_recording
1789135080000,2026-09-11T13:58:00Z,1324-1-1-AK,,device_not_recording
1789135140000,2026-09-11T13:59:00Z,1324-1-1-AK,,device_not_recording
1789135200000,2026-09-11T14:00:00Z,1324-1-1-AK,,device_not_recording
1789135260000,2026-09-11T14:01:00Z,1324-1-1-AK,,device_not_recording
1789135320000,2026-09-11T14:02:00Z,1324-1-1-AK,,device_not_recording
1789135380000,2026-09-11T14:03:00Z,1324-1-1-AK,,device_not_recording
1789135440000,2026-09-11T14:04:00Z,1324-1-1-AK,,device_not_recording
1789135500000,2026-09-11T14:05:00Z,1324-1-1-AK,,device_not_recording
1789135560000,2026-09-11T14:06:00Z,1324-1-1-AK,,device_not_recording
1789135620000,2026-09-11T14:07:00Z,1324-1-1-AK,,device_not_recording
1789135680000,2026-09-11T14:08:00Z,1324-1-1-AK,,device_not_recording
1789135740000,2026-09-11T14:09:00Z,1324-1-1-AK,,device_not_recording
1789135800000,2026-09-11T14:10:00Z,1324-1-1-AK,,device_not_recording
1789135860000,2026-09-11T14:11:00Z,1324-1-1-AK,,device_not_recording
1789135920000,2026-09-11T14:12:00Z,1324-1-1-AK,,device_not_recording
1789135980000,2026-09-11T14:13:00Z,1324-1-1-AK,,device_not_recording
1789136040000,2026-09-11T14:14:00Z,1324-1-1-AK,,device_not_recording
1789136100000,2026-09-11T14:15:00Z,1324-1-1-AK,,device_not_recording
1789136160000,2026-09-11T14:16:00Z,1324-1-1-AK,,device_not_recording
1789136220000,2026-09-11T14:17:00Z,1324-1-1-AK,,device_not_recording
1789136280000,2026-09-11T14:18:00Z,1324-1-1-AK,,device_not_recording
1789136340000,2026-09-11T14:19:00Z,1324-1-1-AK,,device_not_recording
1789136400000,2026-09-11T14:20:00Z,1324-1-1-AK,,device_not_recording
1789136460000,2026-09-11T14:21:00Z,1324-1-1-AK,,device_not_recording
1789136520000,2026-09-11T14:22:00Z,1324-1-1-AK,,device_not_recording
1789136580000,2026-09-11T14:23:00Z,1324-1-1-AK,,device_not_recording
1789136640000,2026-09-11T14:24:00Z,1324-1-1-AK,,device_not_recording
1789136700000,2026-09-11T14:25:00Z,1324-1-1-AK,,device_not_recording
1789136760000,2026-09-11T14:26:00Z,1324-1-1-AK,,device_not_recording
1789136820000,2026-09-11T14:27:00Z,1324-1-1-AK,,device_not_recording
1789136880000,2026-09-11T14:28:00Z,1324-1-1-AK,,device_not_recording
1789136940000,2026-09-11T14:29:00Z,1324-1-1-AK,,device_not_recording
1789137000000,2026-09-11T14:30:00Z,1324-1-1-AK,,device_not_recording
1789137060000,2026-09-11T14:31:00Z,1324-1-1-AK,,device_not_recording
1789137120000,2026-09-11T14:32:00Z,1324-1-1-AK,,device_not_recording
1789137180000,2026-09-11T14:33:00Z,1324-1-1-AK,,device_not_recording
1789137240000,2026-09-11T14:34:00Z,1324-1-1-AK,,device_not_recording
1789137300000,2026-09-11T14:35:00Z,1324-1-1-AK,,device_not_recording
1789137360000,2026-09-11T14:36:00Z,1324-1-1-AK,,device_not_recording
1789137420000,2026-09-11T14:37:00Z,1324-1-1-AK,,device_not_recording
1789137480000,2026-09-11T14:38:00Z,1324-1-1-AK,,device_not_recording
1789137540000,2026-09-11T14:39:00Z,1324-1-1-AK,,device_not_recording
1789137600000,2026-09-11T14:40:00Z,1324-1-1-AK,,device_not_recording
1789137660000,2026-09-11T14:41:00Z,1324-1-1-AK,,device_not_recording
1789137720000,2026-09-11T14:42:00Z,1324-1-1-AK,,device_not_recording
1789137780000,2026-09-11T14:43:00Z,1324-1-1-AK,,device_not_recording
1789137840000,2026-09-11T14:44:00Z,1324-1-1-AK,,device_not_recording
1789137900000,2026-09-11T14:45:00Z,1324-1-1-AK,,device_not_recording
1789137960000,2026-09-11T14:46:00Z,1324-1-1-AK,,device_not_recording
1789138020000,2026-09-11T14:47:00Z,1324-1-1-AK,,device_not_recording
1789138080000,2026-09-11T14:48:00Z,1324-1-1-AK,,device_not_recording
1789138140000,2026-09-11T14:49:00Z,1324-1-1-AK,,device_not_recording
1789138200000,2026-09-11T14:50:00Z,1324-1-1-AK,,device_not_recording
1789138260000,2026-09-11T14:51:00Z,1324-1-1-AK,,device_not_recording
1789138320000,2026-09-11T14:52:00Z,1324-1-1-AK,,device_not_recording
1789138380000,2026-09-11T14:53:00Z,1324-1-1-AK,,device_not_recording
1789138440000,2026-09-11T14:54:00Z,1324-1-1-AK,,device_not_recording
1789138500000,2026-09-11T14:55:00Z,1324-1-1-AK,,device_not_recording
1789138560000,2026-09-11T14:56:00Z,1324-1-1-AK,,device_not_recording
1789138620000,2026-09-11T14:57:00Z,1324-1-1-AK,,device_not_recording
1789138680000,2026-09-11T14:58:00Z,1324-1-1-AK,,device_not_recording
1789138740000,2026-09-11T14:59:00Z,1324-1-1-AK,,device_not_recording
1789138800000,2026-09-11T15:00:00Z,1324-1-1-AK,,device_not_recording
1789138860000,2026-09-11T15:01:00Z,1324-1-1-AK,,device_not_recording
1789138920000,2026-09-11T15:02:00Z,1324-1-1-AK,,device_not_recording
1789138980000,2026-09-11T15:03:00Z,1324-1-1-AK,,device_not_recording
1789139040000,2026-09-11T15:04:00Z,1324-1-1-AK,,device_not_recording
1789139100000,2026-09-11T15:05:00Z,1324-1-1-AK,,device_not_recording
1789139160000,2026-09-11T15:06:00Z,1324-1-1-AK,,device_not_recording
1789139220000,2026-09-11T15:07:00Z,1324-1-1-AK,,device_not_recording
1789139280000,2026-09-11T15:08:00Z,1324-1-1-AK,,device_not_recording
1789139340000,2026-09-11T15:09:00Z,1324-1-1-AK,,device_not_recording
1789139400000,2026-09-11T15:10:00Z,1324-1-1-AK,,device_not_recording
1789139460000,2026-09-11T15:11:00Z,1324-1-1-AK,,device_not_recording
1789139520000,2026-09-11T15:12:00Z,1324-1-1-AK,,device_not_recording
1789139580000,2026-09-11T15:13:00Z,1324-1-1-AK,,device_not_recording
1789139640000,2026-09-11T15:14:00Z,1324-1-1-AK,,device_not_recording
1789139700000,2026-09-11T15:15:00Z,1324-1-1-AK,,device_not_recording
1789139760000,2026-09-11T15:16:00Z,1324-1-1-AK,,device_not_recording
1789139820000,2026-09-11T15:17:00Z,1324-1-1-AK,,device_not_recording
1789139880000,2026-09-11T15:18:00Z,1324-1-1-AK,,device_not_recording
1789139940000,2026-09-11T15:19:00Z,1324-1-1-AK,,device_not_recording
1789140000000,2026-09-11T15:20:00Z,1324-1-1-AK,,device_not_recording
1789140060000,2026-09-11T15:21:00Z,1324-1-1-AK,,device_not_recording
1789140120000,2026-09-11T15:22:00Z,1324-1-1-AK,,device_not_recording
1789140180000,2026-09-11T15:23:00Z,1324-1-1-AK,,device_not_recording
1789140240000,2026-09-11T15:24:00Z,1324-1-1-AK,,device_not_recording
1789140300000,2026-09-11T15:25:00Z,1324-1-1-AK,,device_not_recording
1789140360000,2026-09-11T15:26:00Z,1324-1-1-AK,,device_not_recording
1789140420000,2026-09-11T15:27:00Z,1324-1-1-AK,,device_not_recording
1789140480000,2026-09-11T15:28:00Z,1324-1-1-AK,,device_not_recording
1789140540000,2026-09-11T15:29:00Z,1324-1-1-AK,,device_not_recording
1789140600000,2026-09-11T15:30:00Z,1324-1-1-AK,,device_not_recording
1789140660000,2026-09-11T15:31:00Z,1324-1-1-AK,,device_not_recording
1789140720000,2026-09-11T15:32:00Z,1324-1-1-AK,,device_not_recording
1789140780000,2026-09-11T15:33:00Z,1324-1-1-AK,,device_not_recording
1789140840000,2026-09-11T15:34:00Z,1324-1-1-AK,,device_not_recording
1789140900000,2026-09-11T15:35:00Z,1324-1-1-AK,,device_not_recording
1789140960000,2026-09-11T15:36:00Z,1324-1-1-AK,,device_not_recording
1789141020000,2026-09-11T15:37:00Z,1324-1-1-AK,,device_not_recording
1789141080000,2026-09-11T15:38:00Z,1324-1-1-AK,,device_not_recording
1789141140000,2026-09-11T15:39:00Z,1324-1-1-AK,,device_not_recording
1789141200000,2026-09-11T15:40:00Z,1324-1-1-AK,,device_not_recording
1789141260000,2026-09-11T15:41:00Z,1324-1-1-AK,,device_not_recording
1789141320000,2026-09-11T15:42:00Z,1324-1-1-AK,,device_not_recording
1789141380000,2026-09-11T15:43:00Z,1324-1-1-AK,,device_not_recording
1789141440000,2026-09-11T15:44:00Z,1324-1-1-AK,,device_not_recording
1789141500000,2026-09-11T15:45:00Z,1324-1-1-AK,,device_not_recording
1789141560000,2026-09-11T15:46:00Z,1324-1-1-AK,,device_not_recording
1789141620000,2026-09-11T15:47:00Z,1324-1-1-AK,,device_not_recording
1789141680000,2026-09-11T15:48:00Z,1324-1-1-AK,,device_not_recording
1789141740000,2026-09-11T15:49:00Z,1324-1-1-AK,,device_not_recording
1789141800000,2026-09-11T15:50:00Z,1324-1-1-AK,,device_not_recording
1789141860000,2026-09-11T15:51:00Z,1324-1-1-AK,,device_not_recording
1789141920000,2026-09-11T15:52:00Z,1324-1-1-AK,,device_not_recording
1789141980000,2026-09-11T15:53:00Z,1324-1-1-AK,,device_not_recording
1789142040000,2026-09-11T15:54:00Z,1324-1-1-AK,,device_not_recording
1789142100000,2026-09-11T15:55:00Z,1324-1-1-AK,,device_not_recording
1789142160000,2026-09-11T15:56:00Z,1324-1-1-AK,,device_not_recording
1789142220000,2026-09-11T15:57:00Z,1324-1-1-AK,,device_not_recording
1789142280000,2026-09-11T15:58:00Z,1324-1-1-AK,,device_not_recording
1789142340000,2026-09-11T15:59:00Z,1324-1-1-AK,,device_not_recording
1789142400000,2026-09-11T16:00:00Z,1324-1-1-AK,,device_not_recording
1789142460000,2026-09-11T16:01:00Z,1324-1-1-AK,,device_not_recording
1789142520000,2026-09-11T16:02:00Z,1324-1-1-AK,,device_not_recording
1789142580000,2026-09-11T16:03:00Z,1324-1-1-AK,,device_not_recording
1789142640000,2026-09-11T16:04:00Z,1324-1-1-AK,,device_not_recording
1789142700000,2026-09-11T16:05:00Z,1324-1-1-AK,,device_not_recording
1789142760000,2026-09-11T16:06:00Z,1324-1-1-AK,,device_not_recording
1789142820000,2026-09-11T16:07:00Z,1324-1-1-AK,,device_not_recording
1789142880000,2026-09-11T16:08:00Z,1324-1-1-AK,,device_not_recording
1789142940000,2026-09-11T16:09:00Z,1324-1-1-AK,,device_not_recording
1789143000000,2026-09-11T16:10:00Z,1324-1-1-AK,,device_not_recording
1789143060000,2026-09-11T16:11:00Z,1324-1-1-AK,,device_not_recording
1789143120000,2026-09-11T16:12:00Z,1324-1-1-AK,,device_not_recording
1789143180000,2026-09-11T16:13:00Z,1324-1-1-AK,,device_not_recording
1789143240000,2026-09-11T16:14:00Z,1324-1-1-AK,,device_not_recording
1789143300000,2026-09-11T16:15:00Z,1324-1-1-AK,,device_not_recording
1789143360000,2026-09-11T16:16:00Z,1324-1-1-AK,,device_not_recording
1789143420000,2026-09-11T16:17:00Z,1324-1-1-AK,,device_not_recording
1789143480000,2026-09-11T16:18:00Z,1324-1-1-AK,,device_not_recording
1789143540000,2026-09-11T16:19:00Z,1324-1-1-AK,,device_not_recording
1789143600000,2026-09-11T16:20:00Z,1324-1-1-AK,,device_not_recording
1789143660000,2026-09-11T16:21:00Z,1324-1-1-AK,,device_not_recording
1789143720000,2026-09-11T16:22:00Z,1324-1-1-AK,,device_not_recording
1789143780000,2026-09-11T16:23:00Z,1324-1-1-AK,,device_not_recording
1789143840000,2026-09-11T16:24:00Z,1324-1-1-AK,,device_not_recording
1789143900000,2026-09-11T16:25:00Z,1324-1-1-AK,,device_not_recording
1789143960000,2026-09-11T16:26:00Z,1324-1-1-AK,,device_not_recording
1789144020000,2026-09-11T16:27:00Z,1324-1-1-AK,,device_not_recording
1789144080000,2026-09-11T16:28:00Z,1324-1-1-AK,,device_not_recording
1789144140000,2026-09-11T16:29:00Z,1324-1-1-AK,,device_not_recording
1789144200000,2026-09-11T16:30:00Z,1324-1-1-AK,,device_not_recording
1789144260000,2026-09-11T16:31:00Z,1324-1-1-AK,,device_not_recording
1789144320000,2026-09-11T16:32:00Z,1324-1-1-AK,,device_not_recording
1789144380000,2026-09-11T16:33:00Z,1324-1-1-AK,,device_not_recording
1789144440000,2026-09-11T16:34:00Z,1324-1-1-AK,,device_not_recording
1789144500000,2026-09-11T16:35:00Z,1324-1-1-AK,,device_not_recording
1789144560000,2026-09-11T16:36:00Z,1324-1-1-AK,,device_not_recording
1789144620000,2026-09-11T16:37:00Z,1324-1-1-AK,,device_not_recording
1789144680000,2026-09-11T16:38:00Z,1324-1-1-AK,,device_not_recording
1789144740000,2026-09-11T16:39:00Z,1324-1-1-AK,,device_not_recording
1789144800000,2026-09-11T16:40:00Z,1324-1-1-AK,,device_not_recording
1789144860000,2026-09-11T16:41:00Z,1324-1-1-AK,,device_not_recording
1789144920000,2026-09-11T16:42:00Z,1324-1-1-AK,,device_not_recording
1789144980000,2026-09-11T16:43:00Z,1324-1-1-AK,,device_not_recording
1789145040000,2026-09-11T16:44:00Z,1324-1-1-AK,,device_not_recording
1789145100000,2026-09-11T16:45:00Z,1324-1-1-AK,,device_not_recording
1789145160000,2026-09-11T16:46:00Z,1324-1-1-AK,,device_not_recording
1789145220000,2026-09-11T16:47:00Z,1324-1-1-AK,,device_not_recording
1789145280000,2026-09-11T16:48:00Z,1324-1-1-AK,,device_not_recording
1789145340000,2026-09-11T16:49:00Z,1324-1-1-AK,,device_not_recording
1789145400000,2026-09-11T16:50:00Z,1324-1-1-AK,,device_not_recording
1789145460000,2026-09-11T16:51:00Z,1324-1-1-AK,,device_not_recording
1789145520000,2026-09-11T16:52:00Z,1324-1-1-AK,,device_not_recording
1789145580000,2026-09-11T16:53:00Z,1324-1-1-AK,,device_not_recording
1789145640000,2026-09-11T16:54:00Z,1324-1-1-AK,,device_not_recording
1789145700000,2026-09-11T16:55:00Z,1324-1-1-AK,,device_not_recording
1789145760000,2026-09-11T16:56:00Z,1324-1-1-AK,,device_not_recording
1789145820000,2026-09-11T16:57:00Z,1324-1-1-AK,,device_not_recording
1789145880000,2026-09-11T16:58:00Z,1324-1-1-AK,,device_not_recording
1789145940000,2026-09-11T16:59:00Z,1324-1-1-AK,,device_not_recording
1789146000000,2026-09-11T17:00:00Z,1324-1-1-AK,,device_not_recording
1789146060000,2026-09-11T17:01:00Z,1324-1-1-AK,,device_not_recording
1789146120000,2026-09-11T17:02:00Z,1324-1-1-AK,,device_not_recording
1789146180000,2026-09-11T17:03:00Z,1324-1-1-AK,,device_not_recording
1789146240000,2026-09-11T17:04:00Z,1324-1-1-AK,,device_not_recording
1789146300000,2026-09-11T17:05:00Z,1324-1-1-AK,,device_not_recording
1789146360000,2026-09-11T17:06:00Z,1324-1-1-AK,,device_not_recording
1789146420000,2026-09-11T17:07:00Z,1324-1-1-AK,,device_not_recording
1789146480000,2026-09-11T17:08:00Z,1324-1-1-AK,,device_not_recording
1789146540000,2026-09-11T17:09:00Z,1324-1-1-AK,,device_not_recording
1789146600000,2026-09-11T17:10:00Z,1324-1-1-AK,,device_not_recording
1789146660000,2026-09-11T17:11:00Z,1324-1-1-AK,,device_not_recording
1789146720000,2026-09-11T17:12:00Z,1324-1-1-AK,,device_not_recording
1789146780000,2026-09-11T17:13:00Z,1324-1-1-AK,,device_not_recording
1789146840000,2026-09-11T17:14:00Z,1324-1-1-AK,,device_not_recording
1789146900000,2026-09-11T17:15:00Z,1324-1-1-AK,,device_not_recording
1789146960000,2026-09-11T17:16:00Z,1324-1-1-AK,,device_not_recording
1789147020000,2026-09-11T17:17:00Z,1324-1-1-AK,,device_not_recording
1789147080000,2026-09-11T17:18:00Z,1324-1-1-AK,,device_not_recording
1789147140000,2026-09-11T17:19:00Z,1324-1-1-AK,,device_not_recording
1789147200000,2026-09-11T17:20:00Z,1324-1-1-AK,,device_not_recording
1789147260000,2026-09-11T17:21:00Z,1324-1-1-AK,,device_not_recording
1789147320000,2026-09-11T17:22:00Z,1324-1-1-AK,,device_not_recording
1789147380000,2026-09-11T17:23:00Z,1324-1-1-AK,,device_not_recording
1789147440000,2026-09-11T17:24:00Z,1324-1-1-AK,,device_not_recording
1789147500000,2026-09-11T17:25:00Z,1324-1-1-AK,,device_not_recording
1789147560000,2026-09-11T17:26:00Z,1324-1-1-AK,,device_not_recording
1789147620000,2026-09-11T17:27:00Z,1324-1-1-AK,,device_not_recording
1789147680000,2026-09-11T17:28:00Z,1324-1-1-AK,,device_not_recording
1789147740000,2026-09-11T17:29:00Z,1324-1-1-AK,,device_not_recording
1789147800000,2026-09-11T17:30:00Z,1324-1-1-AK,,device_not_recording
1789147860000,2026-09-11T17:31:00Z,1324-1-1-AK,,device_not_recording
1789147920000,2026-09-11T17:32:00Z,1324-1-1-AK,,device_not_recording
1789147980000,2026-09-11T17:33:00Z,1324-1-1-AK,,device_not_recording
1789148040000,2026-09-11T17:34:00Z,1324-1-1-AK,,device_not_recording
1789148100000,2026-09-11T17:35:00Z,1324-1-1-AK,,device_not_recording
1789148160000,2026-09-11T17:36:00Z,1324-1-1-AK,,device_not_recording
1789148220000,2026-09-11T17:37:00Z,1324-1-1-AK,,device_not_recording
1789148280000,2026-09-11T17:38:00Z,1324-1-1-AK,,device_not_recording
1789148340000,2026-09-11T17:39:00Z,1324-1-1-AK,,device_not_recording
1789148400000,2026-09-11T17:40:00Z,1324-1-1-AK,,device_not_recording
1789148460000,2026-09-11T17:41:00Z,1324-1-1-AK,,device_not_recording
1789148520000,2026-09-11T17:42:00Z,1324-1-1-AK,,device_not_recording
1789148580000,2026-09-11T17:43:00Z,1324-1-1-AK,,device_not_recording
1789148640000,2026-09-11T17:44:00Z,1324-1-1-AK,,device_not_recording
1789148700000,2026-09-11T17:45:00Z,1324-1-1-AK,,device_not_recording
1789148760000,2026-09-11T17:46:00Z,1324-1-1-AK,,device_not_recording
1789148820000,2026-09-11T17:47:00Z,1324-1-1-AK,,device_not_recording
1789148880000,2026-09-11T17:48:00Z,1324-1-1-AK,,device_not_recording
1789148940000,2026-09-11T17:49:00Z,1324-1-1-AK,,device_not_recording
1789149000000,2026-09-11T17:50:00Z,1324-1-1-AK,,device_not_recording
1789149060000,2026-09-11T17:51:00Z,1324-1-1-AK,,device_not_recording
1789149120000,2026-09-11T17:52:00Z,1324-1-1-AK,,device_not_recording
1789149180000,2026-09-11T17:53:00Z,1324-1-1-AK,,device_not_recording
1789149240000,2026-09-11T17:54:00Z,1324-1-1-AK,,device_not_recording
1789149300000,2026-09-11T17:55:00Z,1324-1-1-AK,,device_not_recording
1789149360000,2026-09-11T17:56:00Z,1324-1-1-AK,,device_not_recording
1789149420000,2026-09-11T17:57:00Z,1324-1-1-AK,,device_not_recording
1789149480000,2026-09-11T17:58:00Z,1324-1-1-AK,,device_not_recording
1789149540000,2026-09-11T17:59:00Z,1324-1-1-AK,,device_not_recording
1789149600000,2026-09-11T18:00:00Z,1324-1-1-AK,,device_not_recording
1789149660000,2026-09-11T18:01:00Z,1324-1-1-AK,,device_not_recording
1789149720000,2026-09-11T18:02:00Z,1324-1-1-AK,,device_not_recording
1789149780000,2026-09-11T18:03:00Z,1324-1-1-AK,,device_not_recording
1789149840000,2026-09-11T18:04:00Z,1324-1-1-AK,,device_not_recording
1789149900000,2026-09-11T18:05:00Z,1324-1-1-AK,,device_not_recording
1789149960000,2026-09-11T18:06:00Z,1324-1-1-AK,,device_not_recording
1789150020000,2026-09-11T18:07:00Z,1324-1-1-AK,,device_not_recording
1789150080000,2026-09-11T18:08:00Z,1324-1-1-AK,,device_not_recording
1789150140000,2026-09-11T18:09:00Z,1324-1-1-AK,,device_not_recording
1789150200000,2026-09-11T18:10:00Z,1324-1-1-AK,,device_not_recording
1789150260000,2026-09-11T18:11:00Z,1324-1-1-AK,,device_not_recording
1789150320000,2026-09-11T18:12:00Z,1324-1-1-AK,,device_not_recording
1789150380000,2026-09-11T18:13:00Z,1324-1-1-AK,,device_not_recording
1789150440000,2026-09-11T18:14:00Z,1324-1-1-AK,,device_not_recording
1789150500000,2026-09-11T18:15:00Z,1324-1-1-AK,,device_not_recording
1789150560000,2026-09-11T18:16:00Z,1324-1-1-AK,,device_not_recording
1789150620000,2026-09-11T18:17:00Z,1324-1-1-AK,,device_not_recording
1789150680000,2026-09-11T18:18:00Z,1324-1-1-AK,,device_not_recording
1789150740000,2026-09-11T18:19:00Z,1324-1-1-AK,,device_not_recording
1789150800000,2026-09-11T18:20:00Z,1324-1-1-AK,,device_not_recording
1789150860000,2026-09-11T18:21:00Z,1324-1-1-AK,,device_not_recording
1789150920000,2026-09-11T18:22:00Z,1324-1-1-AK,,device_not_recording
1789150980000,2026-09-11T18:23:00Z,1324-1-1-AK,,device_not_recording
1789151040000,2026-09-11T18:24:00Z,1324-1-1-AK,,device_not_recording
1789151100000,2026-09-11T18:25:00Z,1324-1-1-AK,,device_not_recording
1789151160000,2026-09-11T18:26:00Z,1324-1-1-AK,,device_not_recording
1789151220000,2026-09-11T18:27:00Z,1324-1-1-AK,,device_not_recording
1789151280000,2026-09-11T18:28:00Z,1324-1-1-AK,,device_not_recording
1789151340000,2026-09-11T18:29:00Z,1324-1-1-AK,,device_not_recording
1789151400000,2026-09-11T18:30:00Z,1324-1-1-AK,,device_not_recording
1789151460000,2026-09-11T18:31:00Z,1324-1-1-AK,,device_not_recording
1789151520000,2026-09-11T18:32:00Z,1324-1-1-AK,,device_not_recording
1789151580000,2026-09-11T18:33:00Z,1324-1-1-AK,,device_not_recording
1789151640000,2026-09-11T18:34:00Z,1324-1-1-AK,,device_not_recording
1789151700000,2026-09-11T18:35:00Z,1324-1-1-AK,,device_not_recording
1789151760000,2026-09-11T18:36:00Z,1324-1-1-AK,,device_not_recording
1789151820000,2026-09-11T18:37:00Z,1324-1-1-AK,,device_not_recording
1789151880000,2026-09-11T18:38:00Z,1324-1-1-AK,,device_not_recording
1789151940000,2026-09-11T18:39:00Z,1324-1-1-AK,,device_not_recording
1789152000000,2026-09-11T18:40:00Z,1324-1-1-AK,,device_not_recording
1789152060000,2026-09-11T18:41:00Z,1324-1-1-AK,,device_not_recording
1789152120000,2026-09-11T18:42:00Z,1324-1-1-AK,,device_not_recording
1789152180000,2026-09-11T18:43:00Z,1324-1-1-AK,,device_not_recording
1789152240000,2026-09-11T18:44:00Z,1324-1-1-AK,,device_not_recording
1789152300000,2026-09-11T18:45:00Z,1324-1-1-AK,,device_not_recording
1789152360000,2026-09-11T18:46:00Z,1324-1-1-AK,,device_not_recording
1789152420000,2026-09-11T18:47:00Z,1324-1-1-AK,,device_not_recording
1789152480000,2026-09-11T18:48:00Z,1324-1-1-AK,,device_not_recording
1789152540000,2026-09-11T18:49:00Z,1324-1-1-AK,,device_not_recording
1789152600000,2026-09-11T18:50:00Z,1324-1-1-AK,,device_not_recording
1789152660000,2026-09-11T18:51:00Z,1324-1-1-AK,,device_not_recording
1789152720000,2026-09-11T18:52:00Z,1324-1-1-AK,,device_not_recording
1789152780000,2026-09-11T18:53:00Z,1324-1-1-AK,,device_not_recording
1789152840000,2026-09-11T18:54:00Z,1324-1-1-AK,,device_not_recording
1789152900000,2026-09-11T18:55:00Z,1324-1-1-AK,,device_not_recording
1789152960000,2026-09-11T18:56:00Z,1324-1-1-AK,,device_not_recording
1789153020000,2026-09-11T18:57:00Z,1324-1-1-AK,,device_not_recording
1789153080000,2026-09-11T18:58:00Z,1324-1-1-AK,,device_not_recording
1789153140000,2026-09-11T18:59:00Z,1324-1-1-AK,,device_not_recording
1789153200000,2026-09-11T19:00:00Z,1324-1-1-AK,,device_not_recording
1789153260000,2026-09-11T19:01:00Z,1324-1-1-AK,,device_not_recording
1789153320000,2026-09-11T19:02:00Z,1324-1-1-AK,,device_not_recording
1789153380000,2026-09-11T19:03:00Z,1324-1-1-AK,,device_not_recording
1789153440000,2026-09-11T19:04:00Z,1324-1-1-AK,,device_not_recording
1789153500000,2026-09-11T19:05:00Z,1324-1-1-AK,,device_not_recording
1789153560000,2026-09-11T19:06:00Z,1324-1-1-AK,,device_not_recording
1789153620000,2026-09-11T19:07:00Z,1324-1-1-AK,,device_not_recording
1789153680000,2026-09-11T19:08:00Z,1324-1-1-AK,,device_not_recording
1789153740000,2026-09-11T19:09:00Z,1324-1-1-AK,,device_not_recording
1789153800000,2026-09-11T19:10:00Z,1324-1-1-AK,,device_not_recording
1789153860000,2026-09-11T19:11:00Z,1324-1-1-AK,,device_not_recording
1789153920000,2026-09-11T19:12:00Z,1324-1-1-AK,,device_not_recording
1789153980000,2026-09-11T19:13:00Z,1324-1-1-AK,,device_not_recording
1789154040000,2026-09-11T19:14:00Z,1324-1-1-AK,,device_not_recording
1789154100000,2026-09-11T19:15:00Z,1324-1-1-AK,,device_not_recording
1789154160000,2026-09-11T19:16:00Z,1324-1-1-AK,,device_not_recording
1789154220000,2026-09-11T19:17:00Z,1324-1-1-AK,,device_not_recording
1789154280000,2026-09-11T19:18:00Z,1324-1-1-AK,,device_not_recording
1789154340000,2026-09-11T19:19:00Z,1324-1-1-AK,,device_not_recording
1789154400000,2026-09-11T19:20:00Z,1324-1-1-AK,,device_not_recording
1789154460000,2026-09-11T19:21:00Z,1324-1-1-AK,,device_not_recording
1789154520000,2026-09-11T19:22:00Z,1324-1-1-AK,,device_not_recording
1789154580000,2026-09-11T19:23:00Z,1324-1-1-AK,,device_not_recording
1789154640000,2026-09-11T19:24:00Z,1324-1-1-AK,,device_not_recording
1789154700000,2026-09-11T19:25:00Z,1324-1-1-AK,,device_not_recording
1789154760000,2026-09-11T19:26:00Z,1324-1-1-AK,,device_not_recording
1789154820000,2026-09-11T19:27:00Z,1324-1-1-AK,,device_not_recording
1789154880000,2026-09-11T19:28:00Z,1324-1-1-AK,,device_not_recording
1789154940000,2026-09-11T19:29:00Z,1324-1-1-AK,,device_not_recording
1789155000000,2026-09-11T19:30:00Z,1324-1-1-AK,,device_not_recording
1789155060000,2026-09-11T19:31:00Z,1324-1-1-AK,,device_not_recording
1789155120000,2026-09-11T19:32:00Z,1324-1-1-AK,,device_not_recording
1789155180000,2026-09-11T19:33:00Z,1324-1-1-AK,,device_not_recording
1789155240000,2026-09-11T19:34:00Z,1324-1-1-AK,,device_not_recording
1789155300000,2026-09-11T19:35:00Z,1324-1-1-AK,,device_not_recording
1789155360000,2026-09-11T19:36:00Z,1324-1-1-AK,,device_not_recording
1789155420000,2026-09-11T19:37:00Z,1324-1-1-AK,,device_not_recording
1789155480000,2026-09-11T19:38:00Z,1324-1-1-AK,,device_not_recording
1789155540000,2026-09-11T19:39:00Z,1324-1-1-AK,,device_not_recording
1789155600000,2026-09-11T19:40:00Z,1324-1-1-AK,,device_not_recording
1789155660000,2026-09-11T19:41:00Z,1324-1-1-AK,,device_not_recording
1789155720000,2026-09-11T19:42:00Z,1324-1-1-AK,,device_not_recording
1789155780000,2026-09-11T19:43:00Z,1324-1-1-AK,,device_not_recording
1789155840000,2026-09-11T19:44:00Z,1324-1-1-AK,,device_not_recording
1789155900000,2026-09-11T19:45:00Z,1324-1-1-AK,,device_not_recording
1789155960000,2026-09-11T19:46:00Z,1324-1-1-AK,,device_not_recording
1789156020000,2026-09-11T19:47:00Z,1324-1-1-AK,,device_not_recording
1789156080000,2026-09-11T19:48:00Z,1324-1-1-AK,,device_not_recording
1789156140000,2026-09-11T19:49:00Z,1324-1-1-AK,,device_not_recording
1789156200000,2026-09-11T19:50:00Z,1324-1-1-AK,,device_not_recording
1789156260000,2026-09-11T19:51:00Z,1324-1-1-AK,,device_not_recording
1789156320000,2026-09-11T19:52:00Z,1324-1-1-AK,,device_not_recording
1789156380000,2026-09-11T19:53:00Z,1324-1-1-AK,,device_not_recording
1789156440000,2026-09-11T19:54:00Z,1324-1-1-AK,,device_not_recording
1789156500000,2026-09-11T19:55:00Z,1324-1-1-AK,,device_not_recording
1789156560000,2026-09-11T19:56:00Z,1324-1-1-AK,,device_not_recording
1789156620000,2026-09-11T19:57:00Z,1324-1-1-AK,,device_not_recording
1789156680000,2026-09-11T19:58:00Z,1324-1-1-AK,,device_not_recording
1789156740000,2026-09-11T19:59:00Z,1324-1-1-AK,,device_not_recording
1789156800000,2026-09-11T20:00:00Z,1324-1-1-AK,,device_not_recording
1789156860000,2026-09-11T20:01:00Z,1324-1-1-AK,,device_not_recording
1789156920000,2026-09-11T20:02:00Z,1324-1-1-AK,,device_not_recording
1789156980000,2026-09-11T20:03:00Z,1324-1-1-AK,,device_not_recording
1789157040000,2026-09-11T20:04:00Z,1324-1-1-AK,,device_not_recording
1789157100000,2026-09-11T20:05:00Z,1324-1-1-AK,,device_not_recording
1789157160000,2026-09-11T20:06:00Z,1324-1-1-AK,,device_not_recording
1789157220000,2026-09-11T20:07:00Z,1324-1-1-AK,,device_not_recording
1789157280000,2026-09-11T20:08:00Z,1324-1-1-AK,,device_not_recording
1789157340000,2026-09-11T20:09:00Z,1324-1-1-AK,,device_not_recording
1789157400000,2026-09-11T20:10:00Z,1324-1-1-AK,,device_not_recording
1789157460000,2026-09-11T20:11:00Z,1324-1-1-AK,,device_not_recording
1789157520000,2026-09-11T20:12:00Z,1324-1-1-AK,,device_not_recording
1789157580000,2026-09-11T20:13:00Z,1324-1-1-AK,,device_not_recording
1789157640000,2026-09-11T20:14:00Z,1324-1-1-AK,,device_not_recording
1789157700000,2026-09-11T20:15:00Z,1324-1-1-AK,,device_not_recording
1789157760000,2026-09-11T20:16:00Z,1324-1-1-AK,,device_not_recording
1789157820000,2026-09-11T20:17:00Z,1324-1-1-AK,,device_not_recording
1789157880000,2026-09-11T20:18:00Z,1324-1-1-AK,,device_not_recording
1789157940000,2026-09-11T20:19:00Z,1324-1-1-AK,,device_not_recording
1789158000000,2026-09-11T20:20:00Z,1324-1-1-AK,,device_not_recording
1789158060000,2026-09-11T20:21:00Z,1324-1-1-AK,,device_not_recording
1789158120000,2026-09-11T20:22:00Z,1324-1-1-AK,,device_not_recording
1789158180000,2026-09-11T20:23:00Z,1324-1-1-AK,,device_not_recording
1789158240000,2026-09-11T20:24:00Z,1324-1-1-AK,,device_not_recording
1789158300000,2026-09-11T20:25:00Z,1324-1-1-AK,,device_not_recording
1789158360000,2026-09-11T20:26:00Z,1324-1-1-AK,,device_not_recording
1789158420000,2026-09-11T20:27:00Z,1324-1-1-AK,,device_not_recording
1789158480000,2026-09-11T20:28:00Z,1324-1-1-AK,,device_not_recording
1789158540000,2026-09-11T20:29:00Z,1324-1-1-AK,,device_not_recording
1789158600000,2026-09-11T20:30:00Z,1324-1-1-AK,,device_not_recording
1789158660000,2026-09-11T20:31:00Z,1324-1-1-AK,,device_not_recording
1789158720000,2026-09-11T20:32:00Z,1324-1-1-AK,,device_not_recording
1789158780000,2026-09-11T20:33:00Z,1324-1-1-AK,,device_not_recording
1789158840000,2026-09-11T20:34:00Z,1324-1-1-AK,,device_not_recording
1789158900000,2026-09-11T20:35:00Z,1324-1-1-AK,,device_not_recording
1789158960000,2026-09-11T20:36:00Z,1324-1-1-AK,,device_not_recording
1789159020000,2026-09-11T20:37:00Z,1324-1-1-AK,,device_not_recording
1789159080000,2026-09-11T20:38:00Z,1324-1-1-AK,,device_not_recording
1789159140000,2026-09-11T20:39:00Z,1324-1-1-AK,,device_not_recording
1789159200000,2026-09-11T20:40:00Z,1324-1-1-AK,,device_not_recording
1789159260000,2026-09-11T20:41:00Z,1324-1-1-AK,,device_not_recording
1789159320000,2026-09-11T20:42:00Z,1324-1-1-AK,,device_not_recording
1789159380000,2026-09-11T20:43:00Z,1324-1-1-AK,,device_not_recording
1789159440000,2026-09-11T20:44:00Z,1324-1-1-AK,,device_not_recording
1789159500000,2026-09-11T20:45:00Z,1324-1-1-AK,,device_not_recording
1789159560000,2026-09-11T20:46:00Z,1324-1-1-AK,,device_not_recording
1789159620000,2026-09-11T20:47:00Z,1324-1-1-AK,,device_not_recording
1789159680000,2026-09-11T20:48:00Z,1324-1-1-AK,,device_not_recording
1789159740000,2026-09-11T20:49:00Z,1324-1-1-AK,,device_not_recording
1789159800000,2026-09-11T20:50:00Z,1324-1-1-AK,,device_not_recording
1789159860000,2026-09-11T20:51:00Z,1324-1-1-AK,,device_not_recording
1789159920000,2026-09-11T20:52:00Z,1324-1-1-AK,,device_not_recording
1789159980000,2026-09-11T20:53:00Z,1324-1-1-AK,,device_not_recording
1789160040000,2026-09-11T20:54:00Z,1324-1-1-AK,,device_not_recording
1789160100000,2026-09-11T20:55:00Z,1324-1-1-AK,,device_not_recording
1789160160000,2026-09-11T20:56:00Z,1324-1-1-AK,,device_not_recording
1789160220000,2026-09-11T20:57:00Z,1324-1-1-AK,,device_not_recording
1789160280000,2026-09-11T20:58:00Z,1324-1-1-AK,,device_not_recording
1789160340000,2026-09-11T20:59:00Z,1324-1-1-AK,,device_not_recording
1789160400000,2026-09-11T21:00:00Z,1324-1-1-AK,,device_not_recording
1789160460000,2026-09-11T21:01:00Z,1324-1-1-AK,,device_not_recording
1789160520000,2026-09-11T21:02:00Z,1324-1-1-AK,,device_not_recording
1789160580000,2026-09-11T21:03:00Z,1324-1-1-AK,,device_not_recording
1789160640000,2026-09-11T21:04:00Z,1324-1-1-AK,,device_not_recording
1789160700000,2026-09-11T21:05:00Z,1324-1-1-AK,,device_not_recording
1789160760000,2026-09-11T21:06:00Z,1324-1-1-AK,,device_not_recording
1789160820000,2026-09-11T21:07:00Z,1324-1-1-AK,,device_not_recording
1789160880000,2026-09-11T21:08:00Z,1324-1-1-AK,,device_not_recording
1789160940000,2026-09-11T21:09:00Z,1324-1-1-AK,,device_not_recording
1789161000000,2026-09-11T21:10:00Z,1324-1-1-AK,,device_not_recording
1789161060000,2026-09-11T21:11:00Z,1324-1-1-AK,,device_not_recording
1789161120000,2026-09-11T21:12:00Z,1324-1-1-AK,,device_not_recording
1789161180000,2026-09-11T21:13:00Z,1324-1-1-AK,,device_not_recording
1789161240000,2026-09-11T21:14:00Z,1324-1-1-AK,,device_not_recording
1789161300000,2026-09-11T21:15:00Z,1324-1-1-AK,,device_not_recording
1789161360000,2026-09-11T21:16:00Z,1324-1-1-AK,,device_not_recording
1789161420000,2026-09-11T21:17:00Z,1324-1-1-AK,,device_not_recording
1789161480000,2026-09-11T21:18:00Z,1324-1-1-AK,,device_not_recording
1789161540000,2026-09-11T21:19:00Z,1324-1-1-AK,,device_not_recording
1789161600000,2026-09-11T21:20:00Z,1324-1-1-AK,,device_not_recording
1789161660000,2026-09-11T21:21:00Z,1324-1-1-AK,,device_not_recording
1789161720000,2026-09-11T21:22:00Z,1324-1-1-AK,,device_not_recording
1789161780000,2026-09-11T21:23:00Z,1324-1-1-AK,,device_not_recording
1789161840000,2026-09-11T21:24:00Z,1324-1-1-AK,,device_not_recording
1789161900000,2026-09-11T21:25:00Z,1324-1-1-AK,,device_not_recording
1789161960000,2026-09-11T21:26:00Z,1324-1-1-AK,,device_not_recording
1789162020000,2026-09-11T21:27:00Z,1324-1-1-AK,,device_not_recording
1789162080000,2026-09-11T21:28:00Z,1324-1-1-AK,,device_not_recording
1789162140000,2026-09-11T21:29:00Z,1324-1-1-AK,,device_not_recording
1789162200000,2026-09-11T21:30:00Z,1324-1-1-AK,,device_not_recording
1789162260000,2026-09-11T21:31:00Z,1324-1-1-AK,,device_not_recording
1789162320000,2026-09-11T21:32:00Z,1324-1-1-AK,,device_not_recording
1789162380000,2026-09-11T21:33:00Z,1324-1-1-AK,,device_not_recording
1789162440000,2026-09-11T21:34:00Z,1324-1-1-AK,,device_not_recording
1789162500000,2026-09-11T21:35:00Z,1324-1-1-AK,,device_not_recording
1789162560000,2026-09-11T21:36:00Z,1324-1-1-AK,,device_not_recording
1789162620000,2026-09-11T21:37:00Z,1324-1-1-AK,,device_not_recording
1789162680000,2026-09-11T21:38:00Z,1324-1-1-AK,,device_not_recording
1789162740000,2026-09-11T21:39:00Z,1324-1-1-AK,,device_not_recording
1789162800000,2026-09-11T21:40:00Z,1324-1-1-AK,,device_not_recording
1789162860000,2026-09-11T21:41:00Z,1324-1-1-AK,,device_not_recording
1789162920000,2026-09-11T21:42:00Z,1324-1-1-AK,,device_not_recording
1789162980000,2026-09-11T21:43:00Z,1324-1-1-AK,,device_not_recording
1789163040000,2026-09-11T21:44:00Z,1324-1-1-AK,,device_not_recording
1789163100000,2026-09-11T21:45:00Z,1324-1-1-AK,,device_not_recording
1789163160000,2026-09-11T21:46:00Z,1324-1-1-AK,,device_not_recording
1789163220000,2026-09-11T21:47:00Z,1324-1-1-AK,,device_not_recording
1789163280000,2026-09-11T21:48:00Z,1324-1-1-AK,,device_not_recording
1789163340000,2026-09-11T21:49:00Z,1324-1-1-AK,,device_not_recording
1789163400000,2026-09-11T21:50:00Z,1324-1-1-AK,,device_not_recording
1789163460000,2026-09-11T21:51:00Z,1324-1-1-AK,,device_not_recording
1789163520000,2026-09-11T21:52:00Z,1324-1-1-AK,,device_not_recording
1789163580000,2026-09-11T21:53:00Z,1324-1-1-AK,,device_not_recording
1789163640000,2026-09-11T21:54:00Z,1324-1-1-AK,,device_not_recording
1789163700000,2026-09-11T21:55:00Z,1324-1-1-AK,,device_not_recording
1789163760000,2026-09-11T21:56:00Z,1324-1-1-AK,,device_not_recording
1789163820000,2026-09-11T21:57:00Z,1324-1-1-AK,,device_not_recording
1789163880000,2026-09-11T21:58:00Z,1324-1-1-AK,,device_not_recording
1789163940000,2026-09-11T21:59:00Z,1324-1-1-AK,,device_not_recording
1789164000000,2026-09-11T22:00:00Z,1324-1-1-AK,,device_not_recording
1789164060000,2026-09-11T22:01:00Z,1324-1-1-AK,,device_not_recording
1789164120000,2026-09-11T22:02:00Z,1324-1-1-AK,,device_not_recording
1789164180000,2026-09-11T22:03:00Z,1324-1-1-AK,,device_not_recording
1789164240000,2026-09-11T22:04:00Z,1324-1-1-AK,,device_not_recording
1789164300000,2026-09-11T22:05:00Z,1324-1-1-AK,,device_not_recording
1789164360000,2026-09-11T22:06:00Z,1324-1-1-AK,,device_not_recording
1789164420000,2026-09-11T22:07:00Z,1324-1-1-AK,,device_not_recording
1789164480000,2026-09-11T22:08:00Z,1324-1-1-AK,,device_not_recording
1789164540000,2026-09-11T22:09:00Z,1324-1-1-AK,,device_not_recording
1789164600000,2026-09-11T22:10:00Z,1324-1-1-AK,,device_not_recording
1789164660000,2026-09-11T22:11:00Z,1324-1-1-AK,,device_not_recording
1789164720000,2026-09-11T22:12:00Z,1324-1-1-AK,,device_not_recording
1789164780000,2026-09-11T22:13:00Z,1324-1-1-AK,,device_not_recording
1789164840000,2026-09-11T22:14:00Z,1324-1-1-AK,,device_not_recording
1789164900000,2026-09-11T22:15:00Z,1324-1-1-AK,,device_not_recording
1789164960000,2026-09-11T22:16:00Z,1324-1-1-AK,,device_not_recording
1789165020000,2026-09-11T22:17:00Z,1324-1-1-AK,,device_not_recording
1789165080000,2026-09-11T22:18:00Z,1324-1-1-AK,,device_not_recording
1789165140000,2026-09-11T22:19:00Z,1324-1-1-AK,,device_not_recording
1789165200000,2026-09-11T22:20:00Z,1324-1-1-AK,,device_not_recording
1789165260000,2026-09-11T22:21:00Z,1324-1-1-AK,,device_not_recording
1789165320000,2026-09-11T22:22:00Z,1324-1-1-AK,,device_not_recording
1789165380000,2026-09-11T22:23:00Z,1324-1-1-AK,,device_not_recording
1789165440000,2026-09-11T22:24:00Z,1324-1-1-AK,,device_not_recording
1789165500000,2026-09-11T22:25:00Z,1324-1-1-AK,,device_not_recording
1789165560000,2026-09-11T22:26:00Z,1324-1-1-AK,,device_not_recording
1789165620000,2026-09-11T22:27:00Z,1324-1-1-AK,,device_not_recording
1789165680000,2026-09-11T22:28:00Z,1324-1-1-AK,,device_not_recording
1789165740000,2026-09-11T22:29:00Z,1324-1-1-AK,,device_not_recording
1789165800000,2026-09-11T22:30:00Z,1324-1-1-AK,,device_not_recording
1789165860000,2026-09-11T22:31:00Z,1324-1-1-AK,,device_not_recording
1789165920000,2026-09-11T22:32:00Z,1324-1-1-AK,,device_not_recording
1789165980000,2026-09-11T22:33:00Z,1324-1-1-AK,,device_not_recording
1789166040000,2026-09-11T22:34:00Z,1324-1-1-AK,,device_not_recording
1789166100000,2026-09-11T22:35:00Z,1324-1-1-AK,,device_not_recording
1789166160000,2026-09-11T22:36:00Z,1324-1-1-AK,,device_not_recording
1789166220000,2026-09-11T22:37:00Z,1324-1-1-AK,,device_not_recording
1789166280000,2026-09-11T22:38:00Z,1324-1-1-AK,,device_not_recording
1789166340000,2026-09-11T22:39:00Z,1324-1-1-AK,,device_not_recording
1789166400000,2026-09-11T22:40:00Z,1324-1-1-AK,,device_not_recording
1789166460000,2026-09-11T22:41:00Z,1324-1-1-AK,,device_not_recording
1789166520000,2026-09-11T22:42:00Z,1324-1-1-AK,,device_not_recording
1789166580000,2026-09-11T22:43:00Z,1324-1-1-AK,,device_not_recording
1789166640000,2026-09-11T22:44:00Z,1324-1-1-AK,,device_not_recording
1789166700000,2026-09-11T22:45:00Z,1324-1-1-AK,,device_not_recording
1789166760000,2026-09-11T22:46:00Z,1324-1-1-AK,,device_not_recording
1789166820000,2026-09-11T22:47:00Z,1324-1-1-AK,,device_not_recording
1789166880000,2026-09-11T22:48:00Z,1324-1-1-AK,,device_not_recording
1789166940000,2026-09-11T22:49:00Z,1324-1-1-AK,,device_not_recording
1789167000000,2026-09-11T22:50:00Z,1324-1-1-AK,,device_not_recording
1789167060000,2026-09-11T22:51:00Z,1324-1-1-AK,,device_not_recording
1789167120000,2026-09-11T22:52:00Z,1324-1-1-AK,,device_not_recording
1789167180000,2026-09-11T22:53:00Z,1324-1-1-AK,,device_not_recording
1789167240000,2026-09-11T22:54:00Z,1324-1-1-AK,,device_not_recording
1789167300000,2026-09-11T22:55:00Z,1324-1-1-AK,,device_not_recording
1789167360000,2026-09-11T22:56:00Z,1324-1-1-AK,,device_not_recording
1789167420000,2026-09-11T22:57:00Z,1324-1-1-AK,,device_not_recording
1789167480000,2026-09-11T22:58:00Z,1324-1-1-AK,,device_not_recording
1789167540000,2026-09-11T22:59:00Z,1324-1-1-AK,,device_not_recording
1789167600000,2026-09-11T23:00:00Z,1324-1-1-AK,,device_not_recording
1789167660000,2026-09-11T23:01:00Z,1324-1-1-AK,,device_not_recording
1789167720000,2026-09-11T23:02:00Z,1324-1-1-AK,,device_not_recording
1789167780000,2026-09-11T23:03:00Z,1324-1-1-AK,,device_not_recording
1789167840000,2026-09-11T23:04:00Z,1324-1-1-AK,,device_not_recording
1789167900000,2026-09-11T23:05:00Z,1324-1-1-AK,,device_not_recording
1789167960000,2026-09-11T23:06:00Z,1324-1-1-AK,,device_not_recording
1789168020000,2026-09-11T23:07:00Z,1324-1-1-AK,,device_not_recording
1789168080000,2026-09-11T23:08:00Z,1324-1-1-AK,,device_not_recording
1789168140000,2026-09-11T23:09:00Z,1324-1-1-AK,,device_not_recording
1789168200000,2026-09-11T23:10:00Z,1324-1-1-AK,,device_not_recording
1789168260000,2026-09-11T23:11:00Z,1324-1-1-AK,,device_not_recording
1789168320000,2026-09-11T23:12:00Z,1324-1-1-AK,,device_not_recording
1789168380000,2026-09-11T23:13:00Z,1324-1-1-AK,,device_not_recording
1789168440000,2026-09-11T23:14:00Z,1324-1-1-AK,,device_not_recording
1789168500000,2026-09-11T23:15:00Z,1324-1-1-AK,,device_not_recording
1789168560000,2026-09-11T23:16:00Z,1324-1-1-AK,,device_not_recording
1789168620000,2026-09-11T23:17:00Z,1324-1-1-AK,,device_not_recording
1789168680000,2026-09-11T23:18:00Z,1324-1-1-AK,,device_not_recording
1789168740000,2026-09-11T23:19:00Z,1324-1-1-AK,,device_not_recording
1789168800000,2026-09-11T23:20:00Z,1324-1-1-AK,,device_not_recording
1789168860000,2026-09-11T23:21:00Z,1324-1-1-AK,,device_not_recording
1789168920000,2026-09-11T23:22:00Z,1324-1-1-AK,,device_not_recording
1789168980000,2026-09-11T23:23:00Z,1324-1-1-AK,,device_not_recording
1789169040000,2026-09-11T23:24:00Z,1324-1-1-AK,,device_not_recording
1789169100000,2026-09-11T23:25:00Z,1324-1-1-AK,,device_not_recording
1789169160000,2026-09-11T23:26:00Z,1324-1-1-AK,,device_not_recording
1789169220000,2026-09-11T23:27:00Z,1324-1-1-AK,,device_not_recording
1789169280000,2026-09-11T23:28:00Z,1324-1-1-AK,,device_not_recording
1789169340000,2026-09-11T23:29:00Z,1324-1-1-AK,,device_not_recording
1789169400000,2026-09-11T23:30:00Z,1324-1-1-AK,,device_not_recording
1789169460000,2026-09-11T23:31:00Z,1324-1-1-AK,,device_not_recording
1789169520000,2026-09-11T23:32:00Z,1324-1-1-AK,,device_not_recording
1789169580000,2026-09-11T23:33:00Z,1324-1-1-AK,,device_not_recording
1789169640000,2026-09-11T23:34:00Z,1324-1-1-AK,,device_not_recording
1789169700000,2026-09-11T23:35:00Z,1324-1-1-AK,,device_not_recording
1789169760000,2026-09-11T23:36:00Z,1324-1-1-AK,,device_not_recording
1789169820000,2026-09-11T23:37:00Z,1324-1-1-AK,,device_not_recording
1789169880000,2026-09-11T23:38:00Z,1324-1-1-AK,,device_not_recording
1789169940000,2026-09-11T23:39:00Z,1324-1-1-AK,,device_not_recording
1789170000000,2026-09-11T23:40:00Z,1324-1-1-AK,,device_not_recording
1789170060000,2026-09-11T23:41:00Z,1324-1-1-AK,,device_not_recording
1789170120000,2026-09-11T23:42:00Z,1324-1-1-AK,,device_not_recording
1789170180000,2026-09-11T23:43:00Z,1324-1-1-AK,,device_not_recording
1789170240000,2026-09-11T23:44:00Z,1324-1-1-AK,,device_not_recording
1789170300000,2026-09-11T23:45:00Z,1324-1-1-AK,,device_not_recording
1789170360000,2026-09-11T23:46:00Z,1324-1-1-AK,,device_not_recording
1789170420000,2026-09-11T23:47:00Z,1324-1-1-AK,,device_not_recording
1789170480000,2026-09-11T23:48:00Z,1324-1-1-AK,,device_not_recording
1789170540000,2026-09-11T23:49:00Z,1324-1-1-AK,,device_not_recording
1789170600000,2026-09-11T23:50:00Z,1324-1-1-AK,,device_not_recording
1789170660000,2026-09-11T23:51:00Z,1324-1-1-AK,,device_not_recording
1789170720000,2026-09-11T23:52:00Z,1324-1-1-AK,,device_not_recording
1789170780000,2026-09-11T23:53:00Z,1324-1-1-AK,,device_not_recording
1789170840000,2026-09-11T23:54:00Z,1324-1-1-AK,,device_not_recording
1789170900000,2026-09-11T23:55:00Z,1324-1-1-AK,,device_not_recording
1789170960000,2026-09-11T23:56:00Z,1324-1-1-AK,,device_not_recording
1789171020000,2026-09-11T23:57:00Z,1324-1-1-AK,,device_not_recording
1789171080000,2026-09-11T23:58:00Z,1324-1-1-AK,,device_not_recording
1789171140000,2026-09-11T23:59:00Z,1324-1-1-AK,,device_not_recording
