timestamp_unix,timestamp_iso,participant_full_id,eda_scl_usiemens,missing_value_reason
1790294400000,2026-09-25T00:00:00Z,1324-1-1-AKS,,device_not_recording
1790294460000,2026-09-25T00:01:00Z,1324-1-1-AKS,,device_not_recording
1790294520000,2026-09-25T00:02:00Z,1324-1-1-AKS,,device_not_recording
1790294580000,2026-09-25T00:03:00Z,1324-1-1-AKS,,device_not_recording
1790294640000,2026-09-25T00:04:00Z,1324-1-1-AKS,,device_not_recording
1790294700000,2026-09-25T00:05:00Z,1324-1-1-AKS,,device_not_recording
1790294760000,2026-09-25T00:06:00Z,1324-1-1-AKS,,device_not_recording
1790294820000,2026-09-25T00:07:00Z,1324-1-1-AKS,,device_not_recording
1790294880000,2026-09-25T00:08:00Z,1324-1-1-AKS,,device_not_recording
1790294940000,2026-09-25T00:09:00Z,1324-1-1-AKS,,device_not_recording
1790295000000,2026-09-25T00:10:00Z,1324-1-1-AKS,,device_not_recording
1790295060000,2026-09-25T00:11:00Z,1324-1-1-AKS,,device_not_recording
1790295120000,2026-09-25T00:12:00Z,1324-1-1-AKS,,device_not_recording
1790295180000,2026-09-25T00:13:00Z,1324-1-1-AKS,,device_not_recording
1790295240000,2026-09-25T00:14:00Z,1324-1-1-AKS,,device_not_recording
1790295300000,2026-09-25T00:15:00Z,1324-1-1-AKS,,device_not_recording
1790295360000,2026-09-25T00:16:00Z,1324-1-1-AKS,,device_not_recording
1790295420000,2026-09-25T00:17:00Z,1324-1-1-AKS,,device_not_recording
1790295480000,2026-09-25T00:18:00Z,1324-1-1-AKS,,device_not_recording
1790295540000,2026-09-25T00:19:00Z,1324-1-1-AKS,,device_not_recording
1790295600000,2026-09-25T00:20:00Z,1324-1-1-AKS,,device_not_recording
1790295660000,2026-09-25T00:21:00Z,1324-1-1-AKS,,device_not_recording
1790295720000,2026-09-25T00:22:00Z,1324-1-1-AKS,,device_not_recording
1790295780000,2026-09-25T00:23:00Z,1324-1-1-AKS,,device_not_recording
1790295840000,2026-09-25T00:24:00Z,1324-1-1-AKS,,device_not_recording
1790295900000,2026-09-25T00:25:00Z,1324-1-1-AKS,,device_not_recording
1790295960000,2026-09-25T00:26:00Z,1324-1-1-AKS,,device_not_recording
1790296020000,2026-09-25T00:27:00Z,1324-1-1-AKS,,device_not_recording
1790296080000,2026-09-25T00:28:00Z,1324-1-1-AKS,,device_not_recording
1790296140000,2026-09-25T00:29:00Z,1324-1-1-AKS,,device_not_recording
1790296200000,2026-09-25T00:30:00Z,1324-1-1-AKS,,device_not_recording
1790296260000,2026-09-25T00:31:00Z,1324-1-1-AKS,,device_not_recording
1790296320000,2026-09-25T00:32:00Z,1324-1-1-AKS,,device_not_recording
1790296380000,2026-09-25T00:33:00Z,1324-1-1-AKS,,device_not_recording
1790296440000,2026-09-25T00:34:00Z,1324-1-1-AKS,,device_not_recording
1790296500000,2026-09-25T00:35:00Z,1324-1-1-AKS,,device_not_recording
1790296560000,2026-09-25T00:36:00Z,1324-1-1-AKS,,device_not_recording
1790296620000,2026-09-25T00:37:00Z,1324-1-1-AKS,,device_not_recording
1790296680000,2026-09-25T00:38:00Z,1324-1-1-AKS,,device_not_recording
1790296740000,2026-09-25T00:39:00Z,1324-1-1-AKS,,device_not_recording
1790296800000,2026-09-25T00:40:00Z,1324-1-1-AKS,,device_not_recording
1790296860000,2026-09-25T00:41:00Z,1324-1-1-AKS,,device_not_recording
1790296920000,2026-09-25T00:42:00Z,1324-1-1-AKS,,device_not_recording
1790296980000,2026-09-25T00:43:00Z,1324-1-1-AKS,,device_not_recording
1790297040000,2026-09-25T00:44:00Z,1324-1-1-AKS,,device_not_recording
1790297100000,2026-09-25T00:45:00Z,1324-1-1-AKS,,device_not_recording
1790297160000,2026-09-25T00:46:00Z,1324-1-1-AKS,,device_not_recording
1790297220000,2026-09-25T00:47:00Z,1324-1-1-AKS,,device_not_recording
1790297280000,2026-09-25T00:48:00Z,1324-1-1-AKS,,device_not_recording
1790297340000,2026-09-25T00:49:00Z,1324-1-1-AKS,,device_not_recording
1790297400000,2026-09-25T00:50:00Z,1324-1-1-AKS,,device_not_recording
1790297460000,2026-09-25T00:51:00Z,1324-1-1-AKS,,device_not_recording
1790297520000,2026-09-25T00:52:00Z,1324-1-1-AKS,,device_not_recording
1790297580000,2026-09-25T00:53:00Z,1324-1-1-AKS,,device_not_recording
1790297640000,2026-09-25T00:54:00Z,1324-1-1-AKS,,device_not_recording
1790297700000,2026-09-25T00:55:00Z,1324-1-1-AKS,,device_not_recording
1790297760000,2026-09-25T00:56:00Z,1324-1-1-AKS,,device_not_recording
1790297820000,2026-09-25T00:57:00Z,1324-1-1-AKS,,device_not_recording
1790297880000,2026-09-25T00:58:00Z,1324-1-1-AKS,,device_not_recording
1790297940000,2026-09-25T00:59:00Z,1324-1-1-AKS,,device_not_recording
1790298000000,2026-09-25T01:00:00Z,1324-1-1-AKS,,device_not_recording
1790298060000,2026-09-25T01:01:00Z,1324-1-1-AKS,,device_not_recording
1790298120000,2026-09-25T01:02:00Z,1324-1-1-AKS,,device_not_recording
1790298180000,2026-09-25T01:03:00Z,1324-1-1-AKS,,device_not_recording
1790298240000,2026-09-25T01:04:00Z,1324-1-1-AKS,,device_not_recording
1790298300000,2026-09-25T01:05:00Z,1324-1-1-AKS,,device_not_recording
1790298360000,2026-09-25T01:06:00Z,1324-1-1-AKS,,device_not_recording
1790298420000,2026-09-25T01:07:00Z,1324-1-1-AKS,,device_not_recording
1790298480000,2026-09-25T01:08:00Z,1324-1-1-AKS,,device_not_recording
1790298540000,2026-09-25T01:09:00Z,1324-1-1-AKS,,device_not_recording
1790298600000,2026-09-25T01:10:00Z,1324-1-1-AKS,,device_not_recording
1790298660000,2026-09-25T01:11:00Z,1324-1-1-AKS,,device_not_recording
1790298720000,2026-09-25T01:12:00Z,1324-1-1-AKS,,device_not_recording
1790298780000,2026-09-25T01:13:00Z,1324-1-1-AKS,,device_not_recording
1790298840000,2026-09-25T01:14:00Z,1324-1-1-AKS,,device_not_recording
1790298900000,2026-09-25T01:15:00Z,1324-1-1-AKS,,device_not_recording
1790298960000,2026-09-25T01:16:00Z,1324-1-1-AKS,,device_not_recording
1790299020000,2026-09-25T01:17:00Z,1324-1-1-AKS,,device_not_recording
1790299080000,2026-09-25T01:18:00Z,1324-1-1-AKS,,device_not_recording
1790299140000,2026-09-25T01:19:00Z,1324-1-1-AKS,,device_not_recording
1790299200000,2026-09-25T01:20:00Z,1324-1-1-AKS,,device_not_recording
1790299260000,2026-09-25T01:21:00Z,1324-1-1-AKS,,device_not_recording
1790299320000,2026-09-25T01:22:00Z,1324-1-1-AKS,,device_not_recording
1790299380000,2026-09-25T01:23:00Z,1324-1-1-AKS,,device_not_recording
1790299440000,2026-09-25T01:24:00Z,1324-1-1-AKS,,device_not_recording
1790299500000,2026-09-25T01:25:00Z,1324-1-1-AKS,,device_not_recording
1790299560000,2026-09-25T01:26:00Z,1324-1-1-AKS,,device_not_recording
1790299620000,2026-09-25T01:27:00Z,1324-1-1-AKS,,device_not_recording
1790299680000,2026-09-25T01:28:00Z,1324-1-1-AKS,,device_not_recording
1790299740000,2026-09-25T01:29:00Z,1324-1-1-AKS,,device_not_recording
1790299800000,2026-09-25T01:30:00Z,1324-1-1-AKS,,device_not_recording
1790299860000,2026-09-25T01:31:00Z,1324-1-1-AKS,,device_not_recording
1790299920000,2026-09-25T01:32:00Z,1324-1-1-AKS,,device_not_recording
1790299980000,2026-09-25T01:33:00Z,1324-1-1-AKS,,device_not_recording
1790300040000,2026-09-25T01:34:00Z,1324-1-1-AKS,,device_not_recording
1790300100000,2026-09-25T01:35:00Z,1324-1-1-AKS,,device_not_recording
1790300160000,2026-09-25T01:36:00Z,1324-1-1-AKS,,device_not_recording
1790300220000,2026-09-25T01:37:00Z,1324-1-1-AKS,,device_not_recording
1790300280000,2026-09-25T01:38:00Z,1324-1-1-AKS,,device_not_recording
1790300340000,2026-09-25T01:39:00Z,1324-1-1-AKS,,device_not_recording
1790300400000,2026-09-25T01:40:00Z,1324-1-1-AKS,,device_not_recording
1790300460000,2026-09-25T01:41:00Z,1324-1-1-AKS,,device_not_recording
1790300520000,2026-09-25T01:42:00Z,1324-1-1-AKS,,device_not_recording
1790300580000,2026-09-25T01:43:00Z,1324-1-1-AKS,,device_not_recording
1790300640000,2026-09-25T01:44:00Z,1324-1-1-AKS,,device_not_recording
1790300700000,2026-09-25T01:45:00Z,1324-1-1-AKS,,device_not_recording
1790300760000,2026-09-25T01:46:00Z,1324-1-1-AKS,,device_not_recording
1790300820000,2026-09-25T01:47:00Z,1324-1-1-AKS,,device_not_recording
1790300880000,2026-09-25T01:48:00Z,1324-1-1-AKS,,device_not_recording
1790300940000,2026-09-25T01:49:00Z,1324-1-1-AKS,,device_not_recording
1790301000000,2026-09-25T01:50:00Z,1324-1-1-AKS,,device_not_recording
1790301060000,2026-09-25T01:51:00Z,1324-1-1-AKS,,device_not_recording
1790301120000,2026-09-25T01:52:00Z,1324-1-1-AKS,,device_not_recording
1790301180000,2026-09-25T01:53:00Z,1324-1-1-AKS,,device_not_recording
1790301240000,2026-09-25T01:54:00Z,1324-1-1-AKS,,device_not_recording
1790301300000,2026-09-25T01:55:00Z,1324-1-1-AKS,,device_not_recording
1790301360000,2026-09-25T01:56:00Z,1324-1-1-AKS,,device_not_recording
1790301420000,2026-09-25T01:57:00Z,1324-1-1-AKS,,device_not_recording
1790301480000,2026-09-25T01:58:00Z,1324-1-1-AKS,,device_not_recording
1790301540000,2026-09-25T01:59:00Z,1324-1-1-AKS,,device_not_recording
1790301600000,2026-09-25T02:00:00Z,1324-1-1-AKS,,device_not_recording
1790301660000,2026-09-25T02:01:00Z,1324-1-1-AKS,,device_not_recording
1790301720000,2026-09-25T02:02:00Z,1324-1-1-AKS,,device_not_recording
1790301780000,2026-09-25T02:03:00Z,1324-1-1-AKS,,device_not_recording
1790301840000,2026-09-25T02:04:00Z,1324-1-1-AKS,,device_not_recording
1790301900000,2026-09-25T02:05:00Z,1324-1-1-AKS,,device_not_recording
1790301960000,2026-09-25T02:06:00Z,1324-1-1-AKS,,device_not_recording
1790302020000,2026-09-25T02:07:00Z,1324-1-1-AKS,,device_not_recording
1790302080000,2026-09-25T02:08:00Z,1324-1-1-AKS,,device_not_recording
1790302140000,2026-09-25T02:09:00Z,1324-1-1-AKS,,device_not_recording
1790302200000,2026-09-25T02:10:00Z,1324-1-1-AKS,,device_not_recording
1790302260000,2026-09-25T02:11:00Z,1324-1-1-AKS,,device_not_recording
1790302320000,2026-09-25T02:12:00Z,1324-1-1-AKS,,device_not_recording
1790302380000,2026-09-25T02:13:00Z,1324-1-1-AKS,,device_not_recording
1790302440000,2026-09-25T02:14:00Z,1324-1-1-AKS,,device_not_recording
1790302500000,2026-09-25T02:15:00Z,1324-1-1-AKS,,device_not_recording
1790302560000,2026-09-25T02:16:00Z,1324-1-1-AKS,,device_not_recording
1790302620000,2026-09-25T02:17:00Z,1324-1-1-AKS,,device_not_recording
1790302680000,2026-09-25T02:18:00Z,1324-1-1-AKS,,device_not_recording
1790302740000,2026-09-25T02:19:00Z,1324-1-1-AKS,,device_not_recording
1790302800000,2026-09-25T02:20:00Z,1324-1-1-AKS,,device_not_recording
1790302860000,2026-09-25T02:21:00Z,1324-1-1-AKS,,device_not_recording
1790302920000,2026-09-25T02:22:00Z,1324-1-1-AKS,,device_not_recording
1790302980000,2026-09-25T02:23:00Z,1324-1-1-AKS,,device_not_recording
1790303040000,2026-09-25T02:24:00Z,1324-1-1-AKS,,device_not_recording
1790303100000,2026-09-25T02:25:00Z,1324-1-1-AKS,,device_not_recording
1790303160000,2026-09-25T02:26:00Z,1324-1-1-AKS,,device_not_recording
1790303220000,2026-09-25T02:27:00Z,1324-1-1-AKS,,device_not_recording
1790303280000,2026-09-25T02:28:00Z,1324-1-1-AKS,,device_not_recording
1790303340000,2026-09-25T02:29:00Z,1324-1-1-AKS,,device_not_recording
1790303400000,2026-09-25T02:30:00Z,1324-1-1-AKS,,device_not_recording
1790303460000,2026-09-25T02:31:00Z,1324-1-1-AKS,,device_not_recording
1790303520000,2026-09-25T02:32:00Z,1324-1-1-AKS,,device_not_recording
1790303580000,2026-09-25T02:33:00Z,1324-1-1-AKS,,device_not_recording
1790303640000,2026-09-25T02:34:00Z,1324-1-1-AKS,,device_not_recording
1790303700000,2026-09-25T02:35:00Z,1324-1-1-AKS,,device_not_recording
1790303760000,2026-09-25T02:36:00Z,1324-1-1-AKS,,device_not_recording
1790303820000,2026-09-25T02:37:00Z,1324-1-1-AKS,,device_not_recording
1790303880000,2026-09-25T02:38:00Z,1324-1-1-AKS,,device_not_recording
1790303940000,2026-09-25T02:39:00Z,1324-1-1-AKS,,device_not_recording
1790304000000,2026-09-25T02:40:00Z,1324-1-1-AKS,,device_not_recording
1790304060000,2026-09-25T02:41:00Z,1324-1-1-AKS,,device_not_recording
1790304120000,2026-09-25T02:42:00Z,1324-1-1-AKS,,device_not_recording
1790304180000,2026-09-25T02:43:00Z,1324-1-1-AKS,,device_not_recording
1790304240000,2026-09-25T02:44:00Z,1324-1-1-AKS,,device_not_recording
1790304300000,2026-09-25T02:45:00Z,1324-1-1-AKS,,device_not_recording
1790304360000,2026-09-25T02:46:00Z,1324-1-1-AKS,,device_not_recording
1790304420000,2026-09-25T02:47:00Z,1324-1-1-AKS,,device_not_recording
1790304480000,2026-09-25T02:48:00Z,1324-1-1-AKS,,device_not_recording
1790304540000,2026-09-25T02:49:00Z,1324-1-1-AKS,,device_not_recording
1790304600000,2026-09-25T02:50:00Z,1324-1-1-AKS,,device_not_recording
1790304660000,2026-09-25T02:51:00Z,1324-1-1-AKS,,device_not_recording
1790304720000,2026-09-25T02:52:00Z,1324-1-1-AKS,,device_not_recording
1790304780000,2026-09-25T02:53:00Z,1324-1-1-AKS,,device_not_recording
1790304840000,2026-09-25T02:54:00Z,1324-1-1-AKS,,device_not_recording
1790304900000,2026-09-25T02:55:00Z,1324-1-1-AKS,,device_not_recording
1790304960000,2026-09-25T02:56:00Z,1324-1-1-AKS,,device_not_recording
1790305020000,2026-09-25T02:57:00Z,1324-1-1-AKS,,device_not_recording
1790305080000,2026-09-25T02:58:00Z,1324-1-1-AKS,,device_not_recording
1790305140000,2026-09-25T02:59:00Z,1324-1-1-AKS,,device_not_recording
1790305200000,2026-09-25T03:00:00Z,1324-1-1-AKS,,device_not_recording
1790305260000,2026-09-25T03:01:00Z,1324-1-1-AKS,,device_not_recording
1790305320000,2026-09-25T03:02:00Z,1324-1-1-AKS,,device_not_recording
1790305380000,2026-09-25T03:03:00Z,1324-1-1-AKS,,device_not_recording
1790305440000,2026-09-25T03:04:00Z,1324-1-1-AKS,,device_not_recording
1790305500000,2026-09-25T03:05:00Z,1324-1-1-AKS,,device_not_recording
1790305560000,2026-09-25T03:06:00Z,1324-1-1-AKS,,device_not_recording
1790305620000,2026-09-25T03:07:00Z,1324-1-1-AKS,,device_not_recording
1790305680000,2026-09-25T03:08:00Z,1324-1-1-AKS,,device_not_recording
1790305740000,2026-09-25T03:09:00Z,1324-1-1-AKS,,device_not_recording
1790305800000,2026-09-25T03:10:00Z,1324-1-1-AKS,,device_not_recording
1790305860000,2026-09-25T03:11:00Z,1324-1-1-AKS,,device_not_recording
1790305920000,2026-09-25T03:12:00Z,1324-1-1-AKS,,device_not_recording
1790305980000,2026-09-25T03:13:00Z,1324-1-1-AKS,,device_not_recording
1790306040000,2026-09-25T03:14:00Z,1324-1-1-AKS,,device_not_recording
1790306100000,2026-09-25T03:15:00Z,1324-1-1-AKS,,device_not_recording
1790306160000,2026-09-25T03:16:00Z,1324-1-1-AKS,,device_not_recording
1790306220000,2026-09-25T03:17:00Z,1324-1-1-AKS,,device_not_recording
1790306280000,2026-09-25T03:18:00Z,1324-1-1-AKS,,device_not_recording
1790306340000,2026-09-25T03:19:00Z,1324-1-1-AKS,,device_not_recording
1790306400000,2026-09-25T03:20:00Z,1324-1-1-AKS,,device_not_recording
1790306460000,2026-09-25T03:21:00Z,1324-1-1-AKS,,device_not_recording
1790306520000,2026-09-25T03:22:00Z,1324-1-1-AKS,,device_not_recording
1790306580000,2026-09-25T03:23:00Z,1324-1-1-AKS,,device_not_recording
1790306640000,2026-09-25T03:24:00Z,1324-1-1-AKS,,device_not_recording
1790306700000,2026-09-25T03:25:00Z,1324-1-1-AKS,,device_not_recording
1790306760000,2026-09-25T03:26:00Z,1324-1-1-AKS,,device_not_recording
1790306820000,2026-09-25T03:27:00Z,1324-1-1-AKS,,device_not_recording
1790306880000,2026-09-25T03:28:00Z,1324-1-1-AKS,,device_not_recording
1790306940000,2026-09-25T03:29:00Z,1324-1-1-AKS,,device_not_recording
1790307000000,2026-09-25T03:30:00Z,1324-1-1-AKS,,device_not_recording
1790307060000,2026-09-25T03:31:00Z,1324-1-1-AKS,,device_not_recording
1790307120000,2026-09-25T03:32:00Z,1324-1-1-AKS,,device_not_recording
1790307180000,2026-09-25T03:33:00Z,1324-1-1-AKS,,device_not_recording
1790307240000,2026-09-25T03:34:00Z,1324-1-1-AKS,,device_not_recording
1790307300000,2026-09-25T03:35:00Z,1324-1-1-AKS,,device_not_recording
1790307360000,2026-09-25T03:36:00Z,1324-1-1-AKS,,device_not_recording
1790307420000,2026-09-25T03:37:00Z,1324-1-1-AKS,,device_not_recording
1790307480000,2026-09-25T03:38:00Z,1324-1-1-AKS,,device_not_recording
1790307540000,2026-09-25T03:39:00Z,1324-1-1-AKS,,device_not_recording
1790307600000,2026-09-25T03:40:00Z,1324-1-1-AKS,,device_not_recording
1790307660000,2026-09-25T03:41:00Z,1324-1-1-AKS,,device_not_recording
1790307720000,2026-09-25T03:42:00Z,1324-1-1-AKS,,device_not_recording
1790307780000,2026-09-25T03:43:00Z,1324-1-1-AKS,,device_not_recording
1790307840000,2026-09-25T03:44:00Z,1324-1-1-AKS,,device_not_recording
1790307900000,2026-09-25T03:45:00Z,1324-1-1-AKS,,device_not_recording
1790307960000,2026-09-25T03:46:00Z,1324-1-1-AKS,,device_not_recording
1790308020000,2026-09-25T03:47:00Z,1324-1-1-AKS,,device_not_recording
1790308080000,2026-09-25T03:48:00Z,1324-1-1-AKS,,device_not_recording
1790308140000,2026-09-25T03:49:00Z,1324-1-1-AKS,,device_not_recording
1790308200000,2026-09-25T03:50:00Z,1324-1-1-AKS,,device_not_recording
1790308260000,2026-09-25T03:51:00Z,1324-1-1-AKS,,device_not_recording
1790308320000,2026-09-25T03:52:00Z,1324-1-1-AKS,,device_not_recording
1790308380000,2026-09-25T03:53:00Z,1324-1-1-AKS,,device_not_recording
1790308440000,2026-09-25T03:54:00Z,1324-1-1-AKS,,device_not_recording
1790308500000,2026-09-25T03:55:00Z,1324-1-1-AKS,,device_not_recording
1790308560000,2026-09-25T03:56:00Z,1324-1-1-AKS,,device_not_recording
1790308620000,2026-09-25T03:57:00Z,1324-1-1-AKS,,device_not_recording
1790308680000,2026-09-25T03:58:00Z,1324-1-1-AKS,,device_not_recording
1790308740000,2026-09-25T03:59:00Z,1324-1-1-AKS,,device_not_recording
1790308800000,2026-09-25T04:00:00Z,1324-1-1-AKS,,device_not_recording
1790308860000,2026-09-25T04:01:00Z,1324-1-1-AKS,,device_not_recording
1790308920000,2026-09-25T04:02:00Z,1324-1-1-AKS,,device_not_recording
1790308980000,2026-09-25T04:03:00Z,1324-1-1-AKS,,device_not_recording
1790309040000,2026-09-25T04:04:00Z,1324-1-1-AKS,,device_not_recording
1790309100000,2026-09-25T04:05:00Z,1324-1-1-AKS,,device_not_recording
1790309160000,2026-09-25T04:06:00Z,1324-1-1-AKS,,device_not_recording
1790309220000,2026-09-25T04:07:00Z,1324-1-1-AKS,,device_not_recording
1790309280000,2026-09-25T04:08:00Z,1324-1-1-AKS,,device_not_recording
1790309340000,2026-09-25T04:09:00Z,1324-1-1-AKS,,device_not_recording
1790309400000,2026-09-25T04:10:00Z,1324-1-1-AKS,,device_not_recording
1790309460000,2026-09-25T04:11:00Z,1324-1-1-AKS,,device_not_recording
1790309520000,2026-09-25T04:12:00Z,1324-1-1-AKS,,device_not_recording
1790309580000,2026-09-25T04:13:00Z,1324-1-1-AKS,,device_not_recording
1790309640000,2026-09-25T04:14:00Z,1324-1-1-AKS,,device_not_recording
1790309700000,2026-09-25T04:15:00Z,1324-1-1-AKS,,device_not_recording
1790309760000,2026-09-25T04:16:00Z,1324-1-1-AKS,,device_not_recording
1790309820000,2026-09-25T04:17:00Z,1324-1-1-AKS,,device_not_recording
1790309880000,2026-09-25T04:18:00Z,1324-1-1-AKS,,device_not_recording
1790309940000,2026-09-25T04:19:00Z,1324-1-1-AKS,,device_not_recording
1790310000000,2026-09-25T04:20:00Z,1324-1-1-AKS,,device_not_recording
1790310060000,2026-09-25T04:21:00Z,1324-1-1-AKS,,device_not_recording
1790310120000,2026-09-25T04:22:00Z,1324-1-1-AKS,,device_not_recording
1790310180000,2026-09-25T04:23:00Z,1324-1-1-AKS,,device_not_recording
1790310240000,2026-09-25T04:24:00Z,1324-1-1-AKS,,device_not_recording
1790310300000,2026-09-25T04:25:00Z,1324-1-1-AKS,,device_not_recording
1790310360000,2026-09-25T04:26:00Z,1324-1-1-AKS,,device_not_recording
1790310420000,2026-09-25T04:27:00Z,1324-1-1-AKS,,device_not_recording
1790310480000,2026-09-25T04:28:00Z,1324-1-1-AKS,,device_not_recording
1790310540000,2026-09-25T04:29:00Z,1324-1-1-AKS,,device_not_recording
1790310600000,2026-09-25T04:30:00Z,1324-1-1-AKS,,device_not_recording
1790310660000,2026-09-25T04:31:00Z,1324-1-1-AKS,,device_not_recording
1790310720000,2026-09-25T04:32:00Z,1324-1-1-AKS,,device_not_recording
1790310780000,2026-09-25T04:33:00Z,1324-1-1-AKS,,device_not_recording
1790310840000,2026-09-25T04:34:00Z,1324-1-1-AKS,,device_not_recording
1790310900000,2026-09-25T04:35:00Z,1324-1-1-AKS,,device_not_recording
1790310960000,2026-09-25T04:36:00Z,1324-1-1-AKS,,device_not_recording
1790311020000,2026-09-25T04:37:00Z,1324-1-1-AKS,,device_not_recording
1790311080000,2026-09-25T04:38:00Z,1324-1-1-AKS,,device_not_recording
1790311140000,2026-09-25T04:39:00Z,1324-1-1-AKS,,device_not_recording
1790311200000,2026-09-25T04:40:00Z,1324-1-1-AKS,,device_not_recording
1790311260000,2026-09-25T04:41:00Z,1324-1-1-AKS,,device_not_recording
1790311320000,2026-09-25T04:42:00Z,1324-1-1-AKS,,device_not_recording
1790311380000,2026-09-25T04:43:00Z,1324-1-1-AKS,,device_not_recording
1790311440000,2026-09-25T04:44:00Z,1324-1-1-AKS,,device_not_recording
1790311500000,2026-09-25T04:45:00Z,1324-1-1-AKS,,device_not_recording
1790311560000,2026-09-25T04:46:00Z,1324-1-1-AKS,,device_not_recording
1790311620000,2026-09-25T04:47:00Z,1324-1-1-AKS,,device_not_recording
1790311680000,2026-09-25T04:48:00Z,1324-1-1-AKS,,device_not_recording
1790311740000,2026-09-25T04:49:00Z,1324-1-1-AKS,,device_not_recording
1790311800000,2026-09-25T04:50:00Z,1324-1-1-AKS,,device_not_recording
1790311860000,2026-09-25T04:51:00Z,1324-1-1-AKS,,device_not_recording
1790311920000,2026-09-25T04:52:00Z,1324-1-1-AKS,,device_not_recording
1790311980000,2026-09-25T04:53:00Z,1324-1-1-AKS,,device_not_recording
1790312040000,2026-09-25T04:54:00Z,1324-1-1-AKS,,device_not_recording
1790312100000,2026-09-25T04:55:00Z,1324-1-1-AKS,,device_not_recording
1790312160000,2026-09-25T04:56:00Z,1324-1-1-AKS,,device_not_recording
1790312220000,2026-09-25T04:57:00Z,1324-1-1-AKS,,device_not_recording
1790312280000,2026-09-25T04:58:00Z,1324-1-1-AKS,,device_not_recording
1790312340000,2026-09-25T04:59:00Z,1324-1-1-AKS,,device_not_recording
1790312400000,2026-09-25T05:00:00Z,1324-1-1-AKS,,device_not_recording
1790312460000,2026-09-25T05:01:00Z,1324-1-1-AKS,,device_not_recording
1790312520000,2026-09-25T05:02:00Z,1324-1-1-AKS,,device_not_recording
1790312580000,2026-09-25T05:03:00Z,1324-1-1-AKS,,device_not_recording
1790312640000,2026-09-25T05:04:00Z,1324-1-1-AKS,,device_not_recording
1790312700000,2026-09-25T05:05:00Z,1324-1-1-AKS,,device_not_recording
1790312760000,2026-09-25T05:06:00Z,1324-1-1-AKS,,device_not_recording
1790312820000,2026-09-25T05:07:00Z,1324-1-1-AKS,,device_not_recording
1790312880000,2026-09-25T05:08:00Z,1324-1-1-AKS,,device_not_recording
1790312940000,2026-09-25T05:09:00Z,1324-1-1-AKS,,device_not_recording
1790313000000,2026-09-25T05:10:00Z,1324-1-1-AKS,,device_not_recording
1790313060000,2026-09-25T05:11:00Z,1324-1-1-AKS,,device_not_recording
1790313120000,2026-09-25T05:12:00Z,1324-1-1-AKS,,device_not_recording
1790313180000,2026-09-25T05:13:00Z,1324-1-1-AKS,,device_not_recording
1790313240000,2026-09-25T05:14:00Z,1324-1-1-AKS,,device_not_recording
1790313300000,2026-09-25T05:15:00Z,1324-1-1-AKS,,device_not_recording
1790313360000,2026-09-25T05:16:00Z,1324-1-1-AKS,,device_not_recording
1790313420000,2026-09-25T05:17:00Z,1324-1-1-AKS,,device_not_recording
1790313480000,2026-09-25T05:18:00Z,1324-1-1-AKS,,device_not_recording
1790313540000,2026-09-25T05:19:00Z,1324-1-1-AKS,,device_not_recording
1790313600000,2026-09-25T05:20:00Z,1324-1-1-AKS,,device_not_recording
1790313660000,2026-09-25T05:21:00Z,1324-1-1-AKS,,device_not_recording
1790313720000,2026-09-25T05:22:00Z,1324-1-1-AKS,,device_not_recording
1790313780000,2026-09-25T05:23:00Z,1324-1-1-AKS,,device_not_recording
1790313840000,2026-09-25T05:24:00Z,1324-1-1-AKS,,device_not_recording
1790313900000,2026-09-25T05:25:00Z,1324-1-1-AKS,,device_not_recording
1790313960000,2026-09-25T05:26:00Z,1324-1-1-AKS,,device_not_recording
1790314020000,2026-09-25T05:27:00Z,1324-1-1-AKS,,device_not_recording
1790314080000,2026-09-25T05:28:00Z,1324-1-1-AKS,,device_not_recording
1790314140000,2026-09-25T05:29:00Z,1324-1-1-AKS,,device_not_recording
1790314200000,2026-09-25T05:30:00Z,1324-1-1-AKS,,device_not_recording
1790314260000,2026-09-25T05:31:00Z,1324-1-1-AKS,,device_not_recording
1790314320000,2026-09-25T05:32:00Z,1324-1-1-AKS,,device_not_recording
1790314380000,2026-09-25T05:33:00Z,1324-1-1-AKS,,device_not_recording
1790314440000,2026-09-25T05:34:00Z,1324-1-1-AKS,,device_not_recording
1790314500000,2026-09-25T05:35:00Z,1324-1-1-AKS,,device_not_recording
1790314560000,2026-09-25T05:36:00Z,1324-1-1-AKS,,device_not_recording
1790314620000,2026-09-25T05:37:00Z,1324-1-1-AKS,,device_not_recording
1790314680000,2026-09-25T05:38:00Z,1324-1-1-AKS,,device_not_recording
1790314740000,2026-09-25T05:39:00Z,1324-1-1-AKS,,device_not_recording
1790314800000,2026-09-25T05:40:00Z,1324-1-1-AKS,,device_not_recording
1790314860000,2026-09-25T05:41:00Z,1324-1-1-AKS,,device_not_recording
1790314920000,2026-09-25T05:42:00Z,1324-1-1-AKS,,device_not_recording
1790314980000,2026-09-25T05:43:00Z,1324-1-1-AKS,,device_not_recording
1790315040000,2026-09-25T05:44:00Z,1324-1-1-AKS,,device_not_recording
1790315100000,2026-09-25T05:45:00Z,1324-1-1-AKS,,device_not_recording
1790315160000,2026-09-25T05:46:00Z,1324-1-1-AKS,,device_not_recording
1790315220000,2026-09-25T05:47:00Z,1324-1-1-AKS,,device_not_recording
1790315280000,2026-09-25T05:48:00Z,1324-1-1-AKS,,device_not_recording
1790315340000,2026-09-25T05:49:00Z,1324-1-1-AKS,,device_not_recording
1790315400000,2026-09-25T05:50:00Z,1324-1-1-AKS,,device_not_recording
1790315460000,2026-09-25T05:51:00Z,1324-1-1-AKS,,device_not_recording
1790315520000,2026-09-25T05:52:00Z,1324-1-1-AKS,,device_not_recording
1790315580000,2026-09-25T05:53:00Z,1324-1-1-AKS,,device_not_recording
1790315640000,2026-09-25T05:54:00Z,1324-1-1-AKS,,device_not_recording
1790315700000,2026-09-25T05:55:00Z,1324-1-1-AKS,,device_not_recording
1790315760000,2026-09-25T05:56:00Z,1324-1-1-AKS,,device_not_recording
1790315820000,2026-09-25T05:57:00Z,1324-1-1-AKS,,device_not_recording
1790315880000,2026-09-25T05:58:00Z,1324-1-1-AKS,,device_not_recording
1790315940000,2026-09-25T05:59:00Z,1324-1-1-AKS,,device_not_recording
1790316000000,2026-09-25T06:00:00Z,1324-1-1-AKS,,device_not_recording
1790316060000,2026-09-25T06:01:00Z,1324-1-1-AKS,,device_not_recording
1790316120000,2026-09-25T06:02:00Z,1324-1-1-AKS,,device_not_recording
1790316180000,2026-09-25T06:03:00Z,1324-1-1-AKS,,device_not_recording
1790316240000,2026-09-25T06:04:00Z,1324-1-1-AKS,,device_not_recording
1790316300000,2026-09-25T06:05:00Z,1324-1-1-AKS,,device_not_recording
1790316360000,2026-09-25T06:06:00Z,1324-1-1-AKS,,device_not_recording
1790316420000,2026-09-25T06:07:00Z,1324-1-1-AKS,,device_not_recording
1790316480000,2026-09-25T06:08:00Z,1324-1-1-AKS,,device_not_recording
1790316540000,2026-09-25T06:09:00Z,1324-1-1-AKS,,device_not_recording
1790316600000,2026-09-25T06:10:00Z,1324-1-1-AKS,,device_not_recording
1790316660000,2026-09-25T06:11:00Z,1324-1-1-AKS,,device_not_recording
1790316720000,2026-09-25T06:12:00Z,1324-1-1-AKS,,device_not_recording
1790316780000,2026-09-25T06:13:00Z,1324-1-1-AKS,,device_not_recording
1790316840000,2026-09-25T06:14:00Z,1324-1-1-AKS,,device_not_recording
1790316900000,2026-09-25T06:15:00Z,1324-1-1-AKS,,device_not_recording
1790316960000,2026-09-25T06:16:00Z,1324-1-1-AKS,,device_not_recording
1790317020000,2026-09-25T06:17:00Z,1324-1-1-AKS,,device_not_recording
1790317080000,2026-09-25T06:18:00Z,1324-1-1-AKS,,device_not_recording
1790317140000,2026-09-25T06:19:00Z,1324-1-1-AKS,,device_not_recording
1790317200000,2026-09-25T06:20:00Z,1324-1-1-AKS,,device_not_recording
1790317260000,2026-09-25T06:21:00Z,1324-1-1-AKS,,device_not_recording
1790317320000,2026-09-25T06:22:00Z,1324-1-1-AKS,,device_not_recording
1790317380000,2026-09-25T06:23:00Z,1324-1-1-AKS,,device_not_recording
1790317440000,2026-09-25T06:24:00Z,1324-1-1-AKS,,device_not_recording
1790317500000,2026-09-25T06:25:00Z,1324-1-1-AKS,,device_not_recording
1790317560000,2026-09-25T06:26:00Z,1324-1-1-AKS,,device_not_recording
1790317620000,2026-09-25T06:27:00Z,1324-1-1-AKS,,device_not_recording
1790317680000,2026-09-25T06:28:00Z,1324-1-1-AKS,,device_not_recording
1790317740000,2026-09-25T06:29:00Z,1324-1-1-AKS,,device_not_recording
1790317800000,2026-09-25T06:30:00Z,1324-1-1-AKS,,device_not_recording
1790317860000,2026-09-25T06:31:00Z,1324-1-1-AKS,,device_not_recording
1790317920000,2026-09-25T06:32:00Z,1324-1-1-AKS,,device_not_recording
1790317980000,2026-09-25T06:33:00Z,1324-1-1-AKS,,device_not_recording
1790318040000,2026-09-25T06:34:00Z,1324-1-1-AKS,,device_not_recording
1790318100000,2026-09-25T06:35:00Z,1324-1-1-AKS,,device_not_recording
1790318160000,2026-09-25T06:36:00Z,1324-1-1-AKS,,device_not_recording
1790318220000,2026-09-25T06:37:00Z,1324-1-1-AKS,,device_not_recording
1790318280000,2026-09-25T06:38:00Z,1324-1-1-AKS,,device_not_recording
1790318340000,2026-09-25T06:39:00Z,1324-1-1-AKS,,device_not_recording
1790318400000,2026-09-25T06:40:00Z,1324-1-1-AKS,,device_not_recording
1790318460000,2026-09-25T06:41:00Z,1324-1-1-AKS,,device_not_recording
1790318520000,2026-09-25T06:42:00Z,1324-1-1-AKS,,device_not_recording
1790318580000,2026-09-25T06:43:00Z,1324-1-1-AKS,,device_not_recording
1790318640000,2026-09-25T06:44:00Z,1324-1-1-AKS,,device_not_recording
1790318700000,2026-09-25T06:45:00Z,1324-1-1-AKS,,device_not_recording
1790318760000,2026-09-25T06:46:00Z,1324-1-1-AKS,,device_not_recording
1790318820000,2026-09-25T06:47:00Z,1324-1-1-AKS,,device_not_recording
1790318880000,2026-09-25T06:48:00Z,1324-1-1-AKS,,device_not_recording
1790318940000,2026-09-25T06:49:00Z,1324-1-1-AKS,,device_not_recording
1790319000000,2026-09-25T06:50:00Z,1324-1-1-AKS,,device_not_recording
1790319060000,2026-09-25T06:51:00Z,1324-1-1-AKS,,device_not_recording
1790319120000,2026-09-25T06:52:00Z,1324-1-1-AKS,,device_not_recording
1790319180000,2026-09-25T06:53:00Z,1324-1-1-AKS,,device_not_recording
1790319240000,2026-09-25T06:54:00Z,1324-1-1-AKS,,device_not_recording
1790319300000,2026-09-25T06:55:00Z,1324-1-1-AKS,,device_not_recording
1790319360000,2026-09-25T06:56:00Z,1324-1-1-AKS,,device_not_recording
1790319420000,2026-09-25T06:57:00Z,1324-1-1-AKS,,device_not_recording
1790319480000,2026-09-25T06:58:00Z,1324-1-1-AKS,,device_not_recording
1790319540000,2026-09-25T06:59:00Z,1324-1-1-AKS,,device_not_recording
1790319600000,2026-09-25T07:00:00Z,1324-1-1-AKS,,device_not_recording
1790319660000,2026-09-25T07:01:00Z,1324-1-1-AKS,,device_not_recording
1790319720000,2026-09-25T07:02:00Z,1324-1-1-AKS,,device_not_recording
1790319780000,2026-09-25T07:03:00Z,1324-1-1-AKS,,device_not_recording
1790319840000,2026-09-25T07:04:00Z,1324-1-1-AKS,,device_not_recording
1790319900000,2026-09-25T07:05:00Z,1324-1-1-AKS,,device_not_recording
1790319960000,2026-09-25T07:06:00Z,1324-1-1-AKS,,device_not_recording
1790320020000,2026-09-25T07:07:00Z,1324-1-1-AKS,,device_not_recording
1790320080000,2026-09-25T07:08:00Z,1324-1-1-AKS,,device_not_recording
1790320140000,2026-09-25T07:09:00Z,1324-1-1-AKS,,device_not_recording
1790320200000,2026-09-25T07:10:00Z,1324-1-1-AKS,,device_not_recording
1790320260000,2026-09-25T07:11:00Z,1324-1-1-AKS,,device_not_recording
1790320320000,2026-09-25T07:12:00Z,1324-1-1-AKS,,device_not_recording
1790320380000,2026-09-25T07:13:00Z,1324-1-1-AKS,,device_not_recording
1790320440000,2026-09-25T07:14:00Z,1324-1-1-AKS,,device_not_recording
1790320500000,2026-09-25T07:15:00Z,1324-1-1-AKS,,device_not_recording
1790320560000,2026-09-25T07:16:00Z,1324-1-1-AKS,,device_not_recording
1790320620000,2026-09-25T07:17:00Z,1324-1-1-AKS,,device_not_recording
1790320680000,2026-09-25T07:18:00Z,1324-1-1-AKS,,device_not_recording
1790320740000,2026-09-25T07:19:00Z,1324-1-1-AKS,,device_not_recording
1790320800000,2026-09-25T07:20:00Z,1324-1-1-AKS,,device_not_recording
1790320860000,2026-09-25T07:21:00Z,1324-1-1-AKS,,device_not_recording
1790320920000,2026-09-25T07:22:00Z,1324-1-1-AKS,,device_not_recording
1790320980000,2026-09-25T07:23:00Z,1324-1-1-AKS,,device_not_recording
1790321040000,2026-09-25T07:24:00Z,1324-1-1-AKS,,device_not_recording
1790321100000,2026-09-25T07:25:00Z,1324-1-1-AKS,,device_not_recording
1790321160000,2026-09-25T07:26:00Z,1324-1-1-AKS,,device_not_recording
1790321220000,2026-09-25T07:27:00Z,1324-1-1-AKS,,device_not_recording
1790321280000,2026-09-25T07:28:00Z,1324-1-1-AKS,,device_not_recording
1790321340000,2026-09-25T07:29:00Z,1324-1-1-AKS,,device_not_recording
1790321400000,2026-09-25T07:30:00Z,1324-1-1-AKS,,device_not_recording
1790321460000,2026-09-25T07:31:00Z,1324-1-1-AKS,,device_not_recording
1790321520000,2026-09-25T07:32:00Z,1324-1-1-AKS,,device_not_recording
1790321580000,2026-09-25T07:33:00Z,1324-1-1-AKS,,device_not_recording
1790321640000,2026-09-25T07:34:00Z,1324-1-1-AKS,,device_not_recording
1790321700000,2026-09-25T07:35:00Z,1324-1-1-AKS,,device_not_recording
1790321760000,2026-09-25T07:36:00Z,1324-1-1-AKS,,device_not_recording
1790321820000,2026-09-25T07:37:00Z,1324-1-1-AKS,,device_not_recording
1790321880000,2026-09-25T07:38:00Z,1324-1-1-AKS,,device_not_recording
1790321940000,2026-09-25T07:39:00Z,1324-1-1-AKS,,device_not_recording
1790322000000,2026-09-25T07:40:00Z,1324-1-1-AKS,,device_not_recording
1790322060000,2026-09-25T07:41:00Z,1324-1-1-AKS,,device_not_recording
1790322120000,2026-09-25T07:42:00Z,1324-1-1-AKS,,device_not_recording
1790322180000,2026-09-25T07:43:00Z,1324-1-1-AKS,,device_not_recording
1790322240000,2026-09-25T07:44:00Z,1324-1-1-AKS,,device_not_recording
1790322300000,2026-09-25T07:45:00Z,1324-1-1-AKS,,device_not_recording
1790322360000,2026-09-25T07:46:00Z,1324-1-1-AKS,,device_not_recording
1790322420000,2026-09-25T07:47:00Z,1324-1-1-AKS,,device_not_recording
1790322480000,2026-09-25T07:48:00Z,1324-1-1-AKS,,device_not_recording
1790322540000,2026-09-25T07:49:00Z,1324-1-1-AKS,,device_not_recording
1790322600000,2026-09-25T07:50:00Z,1324-1-1-AKS,,device_not_recording
1790322660000,2026-09-25T07:51:00Z,1324-1-1-AKS,,device_not_recording
1790322720000,2026-09-25T07:52:00Z,1324-1-1-AKS,,device_not_recording
1790322780000,2026-09-25T07:53:00Z,1324-1-1-AKS,,device_not_recording
1790322840000,2026-09-25T07:54:00Z,1324-1-1-AKS,,device_not_recording
1790322900000,2026-09-25T07:55:00Z,1324-1-1-AKS,,device_not_recording
1790322960000,2026-09-25T07:56:00Z,1324-1-1-AKS,,device_not_recording
1790323020000,2026-09-25T07:57:00Z,1324-1-1-AKS,,device_not_recording
1790323080000,2026-09-25T07:58:00Z,1324-1-1-AKS,,device_not_recording
1790323140000,2026-09-25T07:59:00Z,1324-1-1-AKS,,device_not_recording
1790323200000,2026-09-25T08:00:00Z,1324-1-1-AKS,,device_not_recording
1790323260000,2026-09-25T08:01:00Z,1324-1-1-AKS,,device_not_recording
1790323320000,2026-09-25T08:02:00Z,1324-1-1-AKS,,device_not_recording
1790323380000,2026-09-25T08:03:00Z,1324-1-1-AKS,,device_not_recording
1790323440000,2026-09-25T08:04:00Z,1324-1-1-AKS,,device_not_recording
1790323500000,2026-09-25T08:05:00Z,1324-1-1-AKS,,device_not_recording
1790323560000,2026-09-25T08:06:00Z,1324-1-1-AKS,,device_not_recording
1790323620000,2026-09-25T08:07:00Z,1324-1-1-AKS,,device_not_recording
1790323680000,2026-09-25T08:08:00Z,1324-1-1-AKS,,device_not_recording
1790323740000,2026-09-25T08:09:00Z,1324-1-1-AKS,,device_not_recording
1790323800000,2026-09-25T08:10:00Z,1324-1-1-AKS,,device_not_recording
1790323860000,2026-09-25T08:11:00Z,1324-1-1-AKS,,device_not_recording
1790323920000,2026-09-25T08:12:00Z,1324-1-1-AKS,,device_not_recording
1790323980000,2026-09-25T08:13:00Z,1324-1-1-AKS,,device_not_recording
1790324040000,2026-09-25T08:14:00Z,1324-1-1-AKS,,device_not_recording
1790324100000,2026-09-25T08:15:00Z,1324-1-1-AKS,,device_not_recording
1790324160000,2026-09-25T08:16:00Z,1324-1-1-AKS,,device_not_recording
1790324220000,2026-09-25T08:17:00Z,1324-1-1-AKS,,device_not_recording
1790324280000,2026-09-25T08:18:00Z,1324-1-1-AKS,,device_not_recording
1790324340000,2026-09-25T08:19:00Z,1324-1-1-AKS,,device_not_recording
1790324400000,2026-09-25T08:20:00Z,1324-1-1-AKS,,device_not_recording
1790324460000,2026-09-25T08:21:00Z,1324-1-1-AKS,,device_not_recording
1790324520000,2026-09-25T08:22:00Z,1324-1-1-AKS,,device_not_recording
1790324580000,2026-09-25T08:23:00Z,1324-1-1-AKS,,device_not_recording
1790324640000,2026-09-25T08:24:00Z,1324-1-1-AKS,,device_not_recording
1790324700000,2026-09-25T08:25:00Z,1324-1-1-AKS,,device_not_recording
1790324760000,2026-09-25T08:26:00Z,1324-1-1-AKS,,device_not_recording
1790324820000,2026-09-25T08:27:00Z,1324-1-1-AKS,,device_not_recording
1790324880000,2026-09-25T08:28:00Z,1324-1-1-AKS,,device_not_recording
1790324940000,2026-09-25T08:29:00Z,1324-1-1-AKS,,device_not_recording
1790325000000,2026-09-25T08:30:00Z,1324-1-1-AKS,,device_not_recording
1790325060000,2026-09-25T08:31:00Z,1324-1-1-AKS,,device_not_recording
1790325120000,2026-09-25T08:32:00Z,1324-1-1-AKS,,device_not_recording
1790325180000,2026-09-25T08:33:00Z,1324-1-1-AKS,,device_not_recording
1790325240000,2026-09-25T08:34:00Z,1324-1-1-AKS,,device_not_recording
1790325300000,2026-09-25T08:35:00Z,1324-1-1-AKS,,device_not_recording
1790325360000,2026-09-25T08:36:00Z,1324-1-1-AKS,,device_not_recording
1790325420000,2026-09-25T08:37:00Z,1324-1-1-AKS,,device_not_recording
1790325480000,2026-09-25T08:38:00Z,1324-1-1-AKS,,device_not_recording
1790325540000,2026-09-25T08:39:00Z,1324-1-1-AKS,,device_not_recording
1790325600000,2026-09-25T08:40:00Z,1324-1-1-AKS,,device_not_recording
1790325660000,2026-09-25T08:41:00Z,1324-1-1-AKS,,device_not_recording
1790325720000,2026-09-25T08:42:00Z,1324-1-1-AKS,,device_not_recording
1790325780000,2026-09-25T08:43:00Z,1324-1-1-AKS,,device_not_recording
1790325840000,2026-09-25T08:44:00Z,1324-1-1-AKS,,device_not_recording
1790325900000,2026-09-25T08:45:00Z,1324-1-1-AKS,,device_not_recording
1790325960000,2026-09-25T08:46:00Z,1324-1-1-AKS,,device_not_recording
1790326020000,2026-09-25T08:47:00Z,1324-1-1-AKS,,device_not_recording
1790326080000,2026-09-25T08:48:00Z,1324-1-1-AKS,,device_not_recording
1790326140000,2026-09-25T08:49:00Z,1324-1-1-AKS,,device_not_recording
1790326200000,2026-09-25T08:50:00Z,1324-1-1-AKS,,device_not_recording
1790326260000,2026-09-25T08:51:00Z,1324-1-1-AKS,,device_not_recording
1790326320000,2026-09-25T08:52:00Z,1324-1-1-AKS,,device_not_recording
1790326380000,2026-09-25T08:53:00Z,1324-1-1-AKS,,device_not_recording
1790326440000,2026-09-25T08:54:00Z,1324-1-1-AKS,,device_not_recording
1790326500000,2026-09-25T08:55:00Z,1324-1-1-AKS,,device_not_recording
1790326560000,2026-09-25T08:56:00Z,1324-1-1-AKS,,device_not_recording
1790326620000,2026-09-25T08:57:00Z,1324-1-1-AKS,,device_not_recording
1790326680000,2026-09-25T08:58:00Z,1324-1-1-AKS,,device_not_recording
1790326740000,2026-09-25T08:59:00Z,1324-1-1-AKS,,device_not_recording
1790326800000,2026-09-25T09:00:00Z,1324-1-1-AKS,,device_not_recording
1790326860000,2026-09-25T09:01:00Z,1324-1-1-AKS,,device_not_recording
1790326920000,2026-09-25T09:02:00Z,1324-1-1-AKS,,device_not_recording
1790326980000,2026-09-25T09:03:00Z,1324-1-1-AKS,,device_not_recording
1790327040000,2026-09-25T09:04:00Z,1324-1-1-AKS,,device_not_recording
1790327100000,2026-09-25T09:05:00Z,1324-1-1-AKS,,device_not_recording
1790327160000,2026-09-25T09:06:00Z,1324-1-1-AKS,,device_not_recording
1790327220000,2026-09-25T09:07:00Z,1324-1-1-AKS,,device_not_recording
1790327280000,2026-09-25T09:08:00Z,1324-1-1-AKS,,device_not_recording
1790327340000,2026-09-25T09:09:00Z,1324-1-1-AKS,,device_not_recording
1790327400000,2026-09-25T09:10:00Z,1324-1-1-AKS,,device_not_recording
1790327460000,2026-09-25T09:11:00Z,1324-1-1-AKS,,device_not_recording
1790327520000,2026-09-25T09:12:00Z,1324-1-1-AKS,,device_not_recording
1790327580000,2026-09-25T09:13:00Z,1324-1-1-AKS,,device_not_recording
1790327640000,2026-09-25T09:14:00Z,1324-1-1-AKS,,device_not_recording
1790327700000,2026-09-25T09:15:00Z,1324-1-1-AKS,,device_not_recording
1790327760000,2026-09-25T09:16:00Z,1324-1-1-AKS,,device_not_recording
1790327820000,2026-09-25T09:17:00Z,1324-1-1-AKS,,device_not_recording
1790327880000,2026-09-25T09:18:00Z,1324-1-1-AKS,,device_not_recording
1790327940000,2026-09-25T09:19:00Z,1324-1-1-AKS,,device_not_recording
1790328000000,2026-09-25T09:20:00Z,1324-1-1-AKS,,device_not_recording
1790328060000,2026-09-25T09:21:00Z,1324-1-1-AKS,,device_not_recording
1790328120000,2026-09-25T09:22:00Z,1324-1-1-AKS,,device_not_recording
1790328180000,2026-09-25T09:23:00Z,1324-1-1-AKS,,device_not_recording
1790328240000,2026-09-25T09:24:00Z,1324-1-1-AKS,,device_not_recording
1790328300000,2026-09-25T09:25:00Z,1324-1-1-AKS,,device_not_recording
1790328360000,2026-09-25T09:26:00Z,1324-1-1-AKS,,device_not_recording
1790328420000,2026-09-25T09:27:00Z,1324-1-1-AKS,,device_not_recording
1790328480000,2026-09-25T09:28:00Z,1324-1-1-AKS,,device_not_recording
1790328540000,2026-09-25T09:29:00Z,1324-1-1-AKS,,device_not_recording
1790328600000,2026-09-25T09:30:00Z,1324-1-1-AKS,,device_not_recording
1790328660000,2026-09-25T09:31:00Z,1324-1-1-AKS,,device_not_recording
1790328720000,2026-09-25T09:32:00Z,1324-1-1-AKS,,device_not_recording
1790328780000,2026-09-25T09:33:00Z,1324-1-1-AKS,,device_not_recording
1790328840000,2026-09-25T09:34:00Z,1324-1-1-AKS,,device_not_recording
1790328900000,2026-09-25T09:35:00Z,1324-1-1-AKS,,device_not_recording
1790328960000,2026-09-25T09:36:00Z,1324-1-1-AKS,,device_not_recording
1790329020000,2026-09-25T09:37:00Z,1324-1-1-AKS,,device_not_recording
1790329080000,2026-09-25T09:38:00Z,1324-1-1-AKS,,device_not_recording
1790329140000,2026-09-25T09:39:00Z,1324-1-1-AKS,,device_not_recording
1790329200000,2026-09-25T09:40:00Z,1324-1-1-AKS,,device_not_recording
1790329260000,2026-09-25T09:41:00Z,1324-1-1-AKS,,device_not_recording
1790329320000,2026-09-25T09:42:00Z,1324-1-1-AKS,,device_not_recording
1790329380000,2026-09-25T09:43:00Z,1324-1-1-AKS,,device_not_recording
1790329440000,2026-09-25T09:44:00Z,1324-1-1-AKS,,device_not_recording
1790329500000,2026-09-25T09:45:00Z,1324-1-1-AKS,,device_not_recording
1790329560000,2026-09-25T09:46:00Z,1324-1-1-AKS,,device_not_recording
1790329620000,2026-09-25T09:47:00Z,1324-1-1-AKS,,device_not_recording
1790329680000,2026-09-25T09:48:00Z,1324-1-1-AKS,,device_not_recording
1790329740000,2026-09-25T09:49:00Z,1324-1-1-AKS,,device_not_recording
1790329800000,2026-09-25T09:50:00Z,1324-1-1-AKS,,device_not_recording
1790329860000,2026-09-25T09:51:00Z,1324-1-1-AKS,,device_not_recording
1790329920000,2026-09-25T09:52:00Z,1324-1-1-AKS,,device_not_recording
1790329980000,2026-09-25T09:53:00Z,1324-1-1-AKS,,device_not_recording
1790330040000,2026-09-25T09:54:00Z,1324-1-1-AKS,,device_not_recording
1790330100000,2026-09-25T09:55:00Z,1324-1-1-AKS,,device_not_recording
1790330160000,2026-09-25T09:56:00Z,1324-1-1-AKS,,device_not_recording
1790330220000,2026-09-25T09:57:00Z,1324-1-1-AKS,,device_not_recording
1790330280000,2026-09-25T09:58:00Z,1324-1-1-AKS,,device_not_recording
1790330340000,2026-09-25T09:59:00Z,1324-1-1-AKS,,device_not_recording
1790330400000,2026-09-25T10:00:00Z,1324-1-1-AKS,,device_not_recording
1790330460000,2026-09-25T10:01:00Z,1324-1-1-AKS,,device_not_recording
1790330520000,2026-09-25T10:02:00Z,1324-1-1-AKS,,device_not_recording
1790330580000,2026-09-25T10:03:00Z,1324-1-1-AKS,,device_not_recording
1790330640000,2026-09-25T10:04:00Z,1324-1-1-AKS,,device_not_recording
1790330700000,2026-09-25T10:05:00Z,1324-1-1-AKS,,device_not_recording
1790330760000,2026-09-25T10:06:00Z,1324-1-1-AKS,,device_not_recording
1790330820000,2026-09-25T10:07:00Z,1324-1-1-AKS,,device_not_recording
1790330880000,2026-09-25T10:08:00Z,1324-1-1-AKS,,device_not_recording
1790330940000,2026-09-25T10:09:00Z,1324-1-1-AKS,,device_not_recording
1790331000000,2026-09-25T10:10:00Z,1324-1-1-AKS,,device_not_recording
1790331060000,2026-09-25T10:11:00Z,1324-1-1-AKS,,device_not_recording
1790331120000,2026-09-25T10:12:00Z,1324-1-1-AKS,,device_not_recording
1790331180000,2026-09-25T10:13:00Z,1324-1-1-AKS,,device_not_recording
1790331240000,2026-09-25T10:14:00Z,1324-1-1-AKS,,device_not_recording
1790331300000,2026-09-25T10:15:00Z,1324-1-1-AKS,,device_not_recording
1790331360000,2026-09-25T10:16:00Z,1324-1-1-AKS,,device_not_recording
1790331420000,2026-09-25T10:17:00Z,1324-1-1-AKS,,device_not_recording
1790331480000,2026-09-25T10:18:00Z,1324-1-1-AKS,,device_not_recording
1790331540000,2026-09-25T10:19:00Z,1324-1-1-AKS,,device_not_recording
1790331600000,2026-09-25T10:20:00Z,1324-1-1-AKS,,device_not_recording
1790331660000,2026-09-25T10:21:00Z,1324-1-1-AKS,,device_not_recording
1790331720000,2026-09-25T10:22:00Z,1324-1-1-AKS,,device_not_recording
1790331780000,2026-09-25T10:23:00Z,1324-1-1-AKS,,device_not_recording
1790331840000,2026-09-25T10:24:00Z,1324-1-1-AKS,,device_not_recording
1790331900000,2026-09-25T10:25:00Z,1324-1-1-AKS,,device_not_recording
1790331960000,2026-09-25T10:26:00Z,1324-1-1-AKS,,device_not_recording
1790332020000,2026-09-25T10:27:00Z,1324-1-1-AKS,,device_not_recording
1790332080000,2026-09-25T10:28:00Z,1324-1-1-AKS,,device_not_recording
1790332140000,2026-09-25T10:29:00Z,1324-1-1-AKS,,device_not_recording
1790332200000,2026-09-25T10:30:00Z,1324-1-1-AKS,,device_not_recording
1790332260000,2026-09-25T10:31:00Z,1324-1-1-AKS,,device_not_recording
1790332320000,2026-09-25T10:32:00Z,1324-1-1-AKS,,device_not_recording
1790332380000,2026-09-25T10:33:00Z,1324-1-1-AKS,,device_not_recording
1790332440000,2026-09-25T10:34:00Z,1324-1-1-AKS,,device_not_recording
1790332500000,2026-09-25T10:35:00Z,1324-1-1-AKS,,device_not_recording
1790332560000,2026-09-25T10:36:00Z,1324-1-1-AKS,,device_not_recording
1790332620000,2026-09-25T10:37:00Z,1324-1-1-AKS,,device_not_recording
1790332680000,2026-09-25T10:38:00Z,1324-1-1-AKS,,device_not_recording
1790332740000,2026-09-25T10:39:00Z,1324-1-1-AKS,,device_not_recording
1790332800000,2026-09-25T10:40:00Z,1324-1-1-AKS,,device_not_recording
1790332860000,2026-09-25T10:41:00Z,1324-1-1-AKS,,device_not_recording
1790332920000,2026-09-25T10:42:00Z,1324-1-1-AKS,,device_not_recording
1790332980000,2026-09-25T10:43:00Z,1324-1-1-AKS,,device_not_recording
1790333040000,2026-09-25T10:44:00Z,1324-1-1-AKS,,device_not_recording
1790333100000,2026-09-25T10:45:00Z,1324-1-1-AKS,,device_not_recording
1790333160000,2026-09-25T10:46:00Z,1324-1-1-AKS,,device_not_recording
1790333220000,2026-09-25T10:47:00Z,1324-1-1-AKS,,device_not_recording
1790333280000,2026-09-25T10:48:00Z,1324-1-1-AKS,,device_not_recording
1790333340000,2026-09-25T10:49:00Z,1324-1-1-AKS,,device_not_recording
1790333400000,2026-09-25T10:50:00Z,1324-1-1-AKS,,device_not_recording
1790333460000,2026-09-25T10:51:00Z,1324-1-1-AKS,,device_not_recording
1790333520000,2026-09-25T10:52:00Z,1324-1-1-AKS,,device_not_recording
1790333580000,2026-09-25T10:53:00Z,1324-1-1-AKS,,device_not_recording
1790333640000,2026-09-25T10:54:00Z,1324-1-1-AKS,,device_not_recording
1790333700000,2026-09-25T10:55:00Z,1324-1-1-AKS,,device_not_recording
1790333760000,2026-09-25T10:56:00Z,1324-1-1-AKS,,device_not_recording
1790333820000,2026-09-25T10:57:00Z,1324-1-1-AKS,,device_not_recording
1790333880000,2026-09-25T10:58:00Z,1324-1-1-AKS,,device_not_recording
1790333940000,2026-09-25T10:59:00Z,1324-1-1-AKS,,device_not_recording
1790334000000,2026-09-25T11:00:00Z,1324-1-1-AKS,,device_not_recording
1790334060000,2026-09-25T11:01:00Z,1324-1-1-AKS,,device_not_recording
1790334120000,2026-09-25T11:02:00Z,1324-1-1-AKS,,device_not_recording
1790334180000,2026-09-25T11:03:00Z,1324-1-1-AKS,,device_not_recording
1790334240000,2026-09-25T11:04:00Z,1324-1-1-AKS,,device_not_recording
1790334300000,2026-09-25T11:05:00Z,1324-1-1-AKS,,device_not_recording
1790334360000,2026-09-25T11:06:00Z,1324-1-1-AKS,,device_not_recording
1790334420000,2026-09-25T11:07:00Z,1324-1-1-AKS,,device_not_recording
1790334480000,2026-09-25T11:08:00Z,1324-1-1-AKS,,device_not_recording
1790334540000,2026-09-25T11:09:00Z,1324-1-1-AKS,,device_not_recording
1790334600000,2026-09-25T11:10:00Z,1324-1-1-AKS,,device_not_recording
1790334660000,2026-09-25T11:11:00Z,1324-1-1-AKS,,device_not_recording
1790334720000,2026-09-25T11:12:00Z,1324-1-1-AKS,,device_not_recording
1790334780000,2026-09-25T11:13:00Z,1324-1-1-AKS,,device_not_recording
1790334840000,2026-09-25T11:14:00Z,1324-1-1-AKS,,device_not_recording
1790334900000,2026-09-25T11:15:00Z,1324-1-1-AKS,,device_not_recording
1790334960000,2026-09-25T11:16:00Z,1324-1-1-AKS,,device_not_recording
1790335020000,2026-09-25T11:17:00Z,1324-1-1-AKS,,device_not_recording
1790335080000,2026-09-25T11:18:00Z,1324-1-1-AKS,,device_not_recording
1790335140000,2026-09-25T11:19:00Z,1324-1-1-AKS,,device_not_recording
1790335200000,2026-09-25T11:20:00Z,1324-1-1-AKS,,device_not_recording
1790335260000,2026-09-25T11:21:00Z,1324-1-1-AKS,,device_not_recording
1790335320000,2026-09-25T11:22:00Z,1324-1-1-AKS,,device_not_recording
1790335380000,2026-09-25T11:23:00Z,1324-1-1-AKS,,device_not_recording
1790335440000,2026-09-25T11:24:00Z,1324-1-1-AKS,,device_not_recording
1790335500000,2026-09-25T11:25:00Z,1324-1-1-AKS,,device_not_recording
1790335560000,2026-09-25T11:26:00Z,1324-1-1-AKS,,device_not_recording
1790335620000,2026-09-25T11:27:00Z,1324-1-1-AKS,,device_not_recording
1790335680000,2026-09-25T11:28:00Z,1324-1-1-AKS,,device_not_recording
1790335740000,2026-09-25T11:29:00Z,1324-1-1-AKS,,device_not_recording
1790335800000,2026-09-25T11:30:00Z,1324-1-1-AKS,,device_not_recording
1790335860000,2026-09-25T11:31:00Z,1324-1-1-AKS,,device_not_recording
1790335920000,2026-09-25T11:32:00Z,1324-1-1-AKS,,device_not_recording
1790335980000,2026-09-25T11:33:00Z,1324-1-1-AKS,,device_not_recording
1790336040000,2026-09-25T11:34:00Z,1324-1-1-AKS,,device_not_recording
1790336100000,2026-09-25T11:35:00Z,1324-1-1-AKS,,device_not_recording
1790336160000,2026-09-25T11:36:00Z,1324-1-1-AKS,,device_not_recording
1790336220000,2026-09-25T11:37:00Z,1324-1-1-AKS,,device_not_recording
1790336280000,2026-09-25T11:38:00Z,1324-1-1-AKS,,device_not_recording
1790336340000,2026-09-25T11:39:00Z,1324-1-1-AKS,,device_not_recording
1790336400000,2026-09-25T11:40:00Z,1324-1-1-AKS,,device_not_recording
1790336460000,2026-09-25T11:41:00Z,1324-1-1-AKS,,device_not_recording
1790336520000,2026-09-25T11:42:00Z,1324-1-1-AKS,,device_not_recording
1790336580000,2026-09-25T11:43:00Z,1324-1-1-AKS,,device_not_recording
1790336640000,2026-09-25T11:44:00Z,1324-1-1-AKS,,device_not_recording
1790336700000,2026-09-25T11:45:00Z,1324-1-1-AKS,,device_not_recording
1790336760000,2026-09-25T11:46:00Z,1324-1-1-AKS,,device_not_recording
1790336820000,2026-09-25T11:47:00Z,1324-1-1-AKS,,device_not_recording
1790336880000,2026-09-25T11:48:00Z,1324-1-1-AKS,,device_not_recording
1790336940000,2026-09-25T11:49:00Z,1324-1-1-AKS,,device_not_recording
1790337000000,2026-09-25T11:50:00Z,1324-1-1-AKS,,device_not_recording
1790337060000,2026-09-25T11:51:00Z,1324-1-1-AKS,,device_not_recording
1790337120000,2026-09-25T11:52:00Z,1324-1-1-AKS,,device_not_recording
1790337180000,2026-09-25T11:53:00Z,1324-1-1-AKS,,device_not_recording
1790337240000,2026-09-25T11:54:00Z,1324-1-1-AKS,,device_not_recording
1790337300000,2026-09-25T11:55:00Z,1324-1-1-AKS,,device_not_recording
1790337360000,2026-09-25T11:56:00Z,1324-1-1-AKS,,device_not_recording
1790337420000,2026-09-25T11:57:00Z,1324-1-1-AKS,,device_not_recording
1790337480000,2026-09-25T11:58:00Z,1324-1-1-AKS,,device_not_recording
1790337540000,2026-09-25T11:59:00Z,1324-1-1-AKS,,device_not_recording
1790337600000,2026-09-25T12:00:00Z,1324-1-1-AKS,,device_not_recording
1790337660000,2026-09-25T12:01:00Z,1324-1-1-AKS,,device_not_recording
1790337720000,2026-09-25T12:02:00Z,1324-1-1-AKS,,device_not_recording
1790337780000,2026-09-25T12:03:00Z,1324-1-1-AKS,,device_not_recording
1790337840000,2026-09-25T12:04:00Z,1324-1-1-AKS,,device_not_recording
1790337900000,2026-09-25T12:05:00Z,1324-1-1-AKS,,device_not_recording
1790337960000,2026-09-25T12:06:00Z,1324-1-1-AKS,,device_not_recording
1790338020000,2026-09-25T12:07:00Z,1324-1-1-AKS,,device_not_recording
1790338080000,2026-09-25T12:08:00Z,1324-1-1-AKS,,device_not_recording
1790338140000,2026-09-25T12:09:00Z,1324-1-1-AKS,,device_not_recording
1790338200000,2026-09-25T12:10:00Z,1324-1-1-AKS,,device_not_recording
1790338260000,2026-09-25T12:11:00Z,1324-1-1-AKS,,device_not_recording
1790338320000,2026-09-25T12:12:00Z,1324-1-1-AKS,,device_not_recording
1790338380000,2026-09-25T12:13:00Z,1324-1-1-AKS,,device_not_recording
1790338440000,2026-09-25T12:14:00Z,1324-1-1-AKS,,device_not_recording
1790338500000,2026-09-25T12:15:00Z,1324-1-1-AKS,,device_not_recording
1790338560000,2026-09-25T12:16:00Z,1324-1-1-AKS,,device_not_recording
1790338620000,2026-09-25T12:17:00Z,1324-1-1-AKS,,device_not_recording
1790338680000,2026-09-25T12:18:00Z,1324-1-1-AKS,,device_not_recording
1790338740000,2026-09-25T12:19:00Z,1324-1-1-AKS,,device_not_recording
1790338800000,2026-09-25T12:20:00Z,1324-1-1-AKS,,device_not_recording
1790338860000,2026-09-25T12:21:00Z,1324-1-1-AKS,,device_not_recording
1790338920000,2026-09-25T12:22:00Z,1324-1-1-AKS,,device_not_recording
1790338980000,2026-09-25T12:23:00Z,1324-1-1-AKS,,device_not_recording
1790339040000,2026-09-25T12:24:00Z,1324-1-1-AKS,,device_not_recording
1790339100000,2026-09-25T12:25:00Z,1324-1-1-AKS,,device_not_recording
1790339160000,2026-09-25T12:26:00Z,1324-1-1-AKS,,device_not_recording
1790339220000,2026-09-25T12:27:00Z,1324-1-1-AKS,,device_not_recording
1790339280000,2026-09-25T12:28:00Z,1324-1-1-AKS,,device_not_recording
1790339340000,2026-09-25T12:29:00Z,1324-1-1-AKS,,device_not_recording
1790339400000,2026-09-25T12:30:00Z,1324-1-1-AKS,,device_not_recording
1790339460000,2026-09-25T12:31:00Z,1324-1-1-AKS,,device_not_recording
1790339520000,2026-09-25T12:32:00Z,1324-1-1-AKS,,device_not_recording
1790339580000,2026-09-25T12:33:00Z,1324-1-1-AKS,,device_not_recording
1790339640000,2026-09-25T12:34:00Z,1324-1-1-AKS,,device_not_recording
1790339700000,2026-09-25T12:35:00Z,1324-1-1-AKS,,device_not_recording
1790339760000,2026-09-25T12:36:00Z,1324-1-1-AKS,,device_not_recording
1790339820000,2026-09-25T12:37:00Z,1324-1-1-AKS,,device_not_recording
1790339880000,2026-09-25T12:38:00Z,1324-1-1-AKS,,device_not_recording
1790339940000,2026-09-25T12:39:00Z,1324-1-1-AKS,,device_not_recording
1790340000000,2026-09-25T12:40:00Z,1324-1-1-AKS,,device_not_recording
1790340060000,2026-09-25T12:41:00Z,1324-1-1-AKS,,device_not_recording
1790340120000,2026-09-25T12:42:00Z,1324-1-1-AKS,,device_not_recording
1790340180000,2026-09-25T12:43:00Z,1324-1-1-AKS,,device_not_recording
1790340240000,2026-09-25T12:44:00Z,1324-1-1-AKS,,device_not_recording
1790340300000,2026-09-25T12:45:00Z,1324-1-1-AKS,,device_not_recording
1790340360000,2026-09-25T12:46:00Z,1324-1-1-AKS,,device_not_recording
1790340420000,2026-09-25T12:47:00Z,1324-1-1-AKS,,device_not_recording
1790340480000,2026-09-25T12:48:00Z,1324-1-1-AKS,,device_not_recording
1790340540000,2026-09-25T12:49:00Z,1324-1-1-AKS,,device_not_recording
1790340600000,2026-09-25T12:50:00Z,1324-1-1-AKS,,device_not_recording
1790340660000,2026-09-25T12:51:00Z,1324-1-1-AKS,,device_not_recording
1790340720000,2026-09-25T12:52:00Z,1324-1-1-AKS,,device_not_recording
1790340780000,2026-09-25T12:53:00Z,1324-1-1-AKS,,device_not_recording
1790340840000,2026-09-25T12:54:00Z,1324-1-1-AKS,,device_not_recording
1790340900000,2026-09-25T12:55:00Z,1324-1-1-AKS,,device_not_recording
1790340960000,2026-09-25T12:56:00Z,1324-1-1-AKS,,device_not_recording
1790341020000,2026-09-25T12:57:00Z,1324-1-1-AKS,,device_not_recording
1790341080000,2026-09-25T12:58:00Z,1324-1-1-AKS,,device_not_recording
1790341140000,2026-09-25T12:59:00Z,1324-1-1-AKS,,device_not_recording
1790341200000,2026-09-25T13:00:00Z,1324-1-1-AKS,,device_not_recording
1790341260000,2026-09-25T13:01:00Z,1324-1-1-AKS,,device_not_recording
1790341320000,2026-09-25T13:02:00Z,1324-1-1-AKS,,device_not_recording
1790341380000,2026-09-25T13:03:00Z,1324-1-1-AKS,,device_not_recording
1790341440000,2026-09-25T13:04:00Z,1324-1-1-AKS,,device_not_recording
1790341500000,2026-09-25T13:05:00Z,1324-1-1-AKS,,device_not_recording
1790341560000,2026-09-25T13:06:00Z,1324-1-1-AKS,,device_not_recording
1790341620000,2026-09-25T13:07:00Z,1324-1-1-AKS,,device_not_recording
1790341680000,2026-09-25T13:08:00Z,1324-1-1-AKS,,device_not_recording
1790341740000,2026-09-25T13:09:00Z,1324-1-1-AKS,,device_not_recording
1790341800000,2026-09-25T13:10:00Z,1324-1-1-AKS,,device_not_recording
1790341860000,2026-09-25T13:11:00Z,1324-1-1-AKS,,device_not_recording
1790341920000,2026-09-25T13:12:00Z,1324-1-1-AKS,,device_not_recording
1790341980000,2026-09-25T13:13:00Z,1324-1-1-AKS,,device_not_recording
1790342040000,2026-09-25T13:14:00Z,1324-1-1-AKS,,device_not_recording
1790342100000,2026-09-25T13:15:00Z,1324-1-1-AKS,,device_not_recording
1790342160000,2026-09-25T13:16:00Z,1324-1-1-AKS,,device_not_recording
1790342220000,2026-09-25T13:17:00Z,1324-1-1-AKS,,device_not_recording
1790342280000,2026-09-25T13:18:00Z,1324-1-1-AKS,,device_not_recording
1790342340000,2026-09-25T13:19:00Z,1324-1-1-AKS,,device_not_recording
1790342400000,2026-09-25T13:20:00Z,1324-1-1-AKS,,device_not_recording
1790342460000,2026-09-25T13:21:00Z,1324-1-1-AKS,,device_not_recording
1790342520000,2026-09-25T13:22:00Z,1324-1-1-AKS,,device_not_recording
1790342580000,2026-09-25T13:23:00Z,1324-1-1-AKS,,device_not_recording
1790342640000,2026-09-25T13:24:00Z,1324-1-1-AKS,,device_not_recording
1790342700000,2026-09-25T13:25:00Z,1324-1-1-AKS,,device_not_recording
1790342760000,2026-09-25T13:26:00Z,1324-1-1-AKS,,device_not_recording
1790342820000,2026-09-25T13:27:00Z,1324-1-1-AKS,,device_not_recording
1790342880000,2026-09-25T13:28:00Z,1324-1-1-AKS,,device_not_recording
1790342940000,2026-09-25T13:29:00Z,1324-1-1-AKS,,device_not_recording
1790343000000,2026-09-25T13:30:00Z,1324-1-1-AKS,,device_not_recording
1790343060000,2026-09-25T13:31:00Z,1324-1-1-AKS,,device_not_recording
1790343120000,2026-09-25T13:32:00Z,1324-1-1-AKS,,device_not_recording
1790343180000,2026-09-25T13:33:00Z,1324-1-1-AKS,,device_not_recording
1790343240000,2026-09-25T13:34:00Z,1324-1-1-AKS,,device_not_recording
1790343300000,2026-09-25T13:35:00Z,1324-1-1-AKS,,device_not_recording
1790343360000,2026-09-25T13:36:00Z,1324-1-1-AKS,,device_not_recording
1790343420000,2026-09-25T13:37:00Z,1324-1-1-AKS,,device_not_recording
1790343480000,2026-09-25T13:38:00Z,1324-1-1-AKS,,device_not_recording
1790343540000,2026-09-25T13:39:00Z,1324-1-1-AKS,,device_not_recording
1790343600000,2026-09-25T13:40:00Z,1324-1-1-AKS,,device_not_recording
1790343660000,2026-09-25T13:41:00Z,1324-1-1-AKS,,device_not_recording
1790343720000,2026-09-25T13:42:00Z,1324-1-1-AKS,,device_not_recording
1790343780000,2026-09-25T13:43:00Z,1324-1-1-AKS,,device_not_recording
1790343840000,2026-09-25T13:44:00Z,1324-1-1-AKS,,device_not_recording
1790343900000,2026-09-25T13:45:00Z,1324-1-1-AKS,,device_not_recording
1790343960000,2026-09-25T13:46:00Z,1324-1-1-AKS,,device_not_recording
1790344020000,2026-09-25T13:47:00Z,1324-1-1-AKS,,device_not_recording
1790344080000,2026-09-25T13:48:00Z,1324-1-1-AKS,,device_not_recording
1790344140000,2026-09-25T13:49:00Z,1324-1-1-AKS,,device_not_recording
1790344200000,2026-09-25T13:50:00Z,1324-1-1-AKS,,device_not_recording
1790344260000,2026-09-25T13:51:00Z,1324-1-1-AKS,,device_not_recording
1790344320000,2026-09-25T13:52:00Z,1324-1-1-AKS,,device_not_recording
1790344380000,2026-09-25T13:53:00Z,1324-1-1-AKS,,device_not_recording
1790344440000,2026-09-25T13:54:00Z,1324-1-1-AKS,,device_not_recording
1790344500000,2026-09-25T13:55:00Z,1324-1-1-AKS,,device_not_recording
1790344560000,2026-09-25T13:56:00Z,1324-1-1-AKS,,device_not_recording
1790344620000,2026-09-25T13:57:00Z,1324-1-1-AKS,,device_not_recording
1790344680000,2026-09-25T13:58:00Z,1324-1-1-AKS,,device_not_recording
1790344740000,2026-09-25T13:59:00Z,1324-1-1-AKS,,device_not_recording
1790344800000,2026-09-25T14:00:00Z,1324-1-1-AKS,,device_not_recording
1790344860000,2026-09-25T14:01:00Z,1324-1-1-AKS,,device_not_recording
1790344920000,2026-09-25T14:02:00Z,1324-1-1-AKS,,device_not_recording
1790344980000,2026-09-25T14:03:00Z,1324-1-1-AKS,,device_not_recording
1790345040000,2026-09-25T14:04:00Z,1324-1-1-AKS,,device_not_recording
1790345100000,2026-09-25T14:05:00Z,1324-1-1-AKS,,device_not_recording
1790345160000,2026-09-25T14:06:00Z,1324-1-1-AKS,,device_not_recording
1790345220000,2026-09-25T14:07:00Z,1324-1-1-AKS,,device_not_recording
1790345280000,2026-09-25T14:08:00Z,1324-1-1-AKS,,device_not_recording
1790345340000,2026-09-25T14:09:00Z,1324-1-1-AKS,,device_not_recording
1790345400000,2026-09-25T14:10:00Z,1324-1-1-AKS,,device_not_recording
1790345460000,2026-09-25T14:11:00Z,1324-1-1-AKS,,device_not_recording
1790345520000,2026-09-25T14:12:00Z,1324-1-1-AKS,,device_not_recording
1790345580000,2026-09-25T14:13:00Z,1324-1-1-AKS,,device_not_recording
1790345640000,2026-09-25T14:14:00Z,1324-1-1-AKS,,device_not_recording
1790345700000,2026-09-25T14:15:00Z,1324-1-1-AKS,,device_not_recording
1790345760000,2026-09-25T14:16:00Z,1324-1-1-AKS,,device_not_recording
1790345820000,2026-09-25T14:17:00Z,1324-1-1-AKS,,device_not_recording
1790345880000,2026-09-25T14:18:00Z,1324-1-1-AKS,,device_not_recording
1790345940000,2026-09-25T14:19:00Z,1324-1-1-AKS,,device_not_recording
1790346000000,2026-09-25T14:20:00Z,1324-1-1-AKS,,device_not_recording
1790346060000,2026-09-25T14:21:00Z,1324-1-1-AKS,,device_not_recording
1790346120000,2026-09-25T14:22:00Z,1324-1-1-AKS,,device_not_recording
1790346180000,2026-09-25T14:23:00Z,1324-1-1-AKS,,device_not_recording
1790346240000,2026-09-25T14:24:00Z,1324-1-1-AKS,,device_not_recording
1790346300000,2026-09-25T14:25:00Z,1324-1-1-AKS,,device_not_recording
1790346360000,2026-09-25T14:26:00Z,1324-1-1-AKS,,device_not_recording
1790346420000,2026-09-25T14:27:00Z,1324-1-1-AKS,,device_not_recording
1790346480000,2026-09-25T14:28:00Z,1324-1-1-AKS,,device_not_recording
1790346540000,2026-09-25T14:29:00Z,1324-1-1-AKS,,device_not_recording
1790346600000,2026-09-25T14:30:00Z,1324-1-1-AKS,,device_not_recording
1790346660000,2026-09-25T14:31:00Z,1324-1-1-AKS,,device_not_recording
1790346720000,2026-09-25T14:32:00Z,1324-1-1-AKS,,device_not_recording
1790346780000,2026-09-25T14:33:00Z,1324-1-1-AKS,,device_not_recording
1790346840000,2026-09-25T14:34:00Z,1324-1-1-AKS,,device_not_recording
1790346900000,2026-09-25T14:35:00Z,1324-1-1-AKS,,device_not_recording
1790346960000,2026-09-25T14:36:00Z,1324-1-1-AKS,,device_not_recording
1790347020000,2026-09-25T14:37:00Z,1324-1-1-AKS,,device_not_recording
1790347080000,2026-09-25T14:38:00Z,1324-1-1-AKS,,device_not_recording
1790347140000,2026-09-25T14:39:00Z,1324-1-1-AKS,,device_not_recording
1790347200000,2026-09-25T14:40:00Z,1324-1-1-AKS,,device_not_recording
1790347260000,2026-09-25T14:41:00Z,1324-1-1-AKS,,device_not_recording
1790347320000,2026-09-25T14:42:00Z,1324-1-1-AKS,,device_not_recording
1790347380000,2026-09-25T14:43:00Z,1324-1-1-AKS,,device_not_recording
1790347440000,2026-09-25T14:44:00Z,1324-1-1-AKS,,device_not_recording
1790347500000,2026-09-25T14:45:00Z,1324-1-1-AKS,,device_not_recording
1790347560000,2026-09-25T14:46:00Z,1324-1-1-AKS,,device_not_recording
1790347620000,2026-09-25T14:47:00Z,1324-1-1-AKS,,device_not_recording
1790347680000,2026-09-25T14:48:00Z,1324-1-1-AKS,,device_not_recording
1790347740000,2026-09-25T14:49:00Z,1324-1-1-AKS,,device_not_recording
1790347800000,2026-09-25T14:50:00Z,1324-1-1-AKS,,device_not_recording
1790347860000,2026-09-25T14:51:00Z,1324-1-1-AKS,,device_not_recording
1790347920000,2026-09-25T14:52:00Z,1324-1-1-AKS,,device_not_recording
1790347980000,2026-09-25T14:53:00Z,1324-1-1-AKS,,device_not_recording
1790348040000,2026-09-25T14:54:00Z,1324-1-1-AKS,,device_not_recording
1790348100000,2026-09-25T14:55:00Z,1324-1-1-AKS,,device_not_recording
1790348160000,2026-09-25T14:56:00Z,1324-1-1-AKS,,device_not_recording
1790348220000,2026-09-25T14:57:00Z,1324-1-1-AKS,,device_not_recording
1790348280000,2026-09-25T14:58:00Z,1324-1-1-AKS,,device_not_recording
1790348340000,2026-09-25T14:59:00Z,1324-1-1-AKS,,device_not_recording
1790348400000,2026-09-25T15:00:00Z,1324-1-1-AKS,,device_not_recording
1790348460000,2026-09-25T15:01:00Z,1324-1-1-AKS,,device_not_recording
1790348520000,2026-09-25T15:02:00Z,1324-1-1-AKS,,device_not_recording
1790348580000,2026-09-25T15:03:00Z,1324-1-1-AKS,,device_not_recording
1790348640000,2026-09-25T15:04:00Z,1324-1-1-AKS,,device_not_recording
1790348700000,2026-09-25T15:05:00Z,1324-1-1-AKS,,device_not_recording
1790348760000,2026-09-25T15:06:00Z,1324-1-1-AKS,,device_not_recording
1790348820000,2026-09-25T15:07:00Z,1324-1-1-AKS,,device_not_recording
1790348880000,2026-09-25T15:08:00Z,1324-1-1-AKS,,device_not_recording
1790348940000,2026-09-25T15:09:00Z,1324-1-1-AKS,,device_not_recording
1790349000000,2026-09-25T15:10:00Z,1324-1-1-AKS,,device_not_recording
1790349060000,2026-09-25T15:11:00Z,1324-1-1-AKS,,device_not_recording
1790349120000,2026-09-25T15:12:00Z,1324-1-1-AKS,,device_not_recording
1790349180000,2026-09-25T15:13:00Z,1324-1-1-AKS,,device_not_recording
1790349240000,2026-09-25T15:14:00Z,1324-1-1-AKS,,device_not_recording
1790349300000,2026-09-25T15:15:00Z,1324-1-1-AKS,,device_not_recording
1790349360000,2026-09-25T15:16:00Z,1324-1-1-AKS,,device_not_recording
1790349420000,2026-09-25T15:17:00Z,1324-1-1-AKS,,device_not_recording
1790349480000,2026-09-25T15:18:00Z,1324-1-1-AKS,,device_not_recording
1790349540000,2026-09-25T15:19:00Z,1324-1-1-AKS,,device_not_recording
1790349600000,2026-09-25T15:20:00Z,1324-1-1-AKS,,device_not_recording
1790349660000,2026-09-25T15:21:00Z,1324-1-1-AKS,,device_not_recording
1790349720000,2026-09-25T15:22:00Z,1324-1-1-AKS,,device_not_recording
1790349780000,2026-09-25T15:23:00Z,1324-1-1-AKS,,device_not_recording
1790349840000,2026-09-25T15:24:00Z,1324-1-1-AKS,,device_not_recording
1790349900000,2026-09-25T15:25:00Z,1324-1-1-AKS,,device_not_recording
1790349960000,2026-09-25T15:26:00Z,1324-1-1-AKS,,device_not_recording
1790350020000,2026-09-25T15:27:00Z,1324-1-1-AKS,,device_not_recording
1790350080000,2026-09-25T15:28:00Z,1324-1-1-AKS,,device_not_recording
1790350140000,2026-09-25T15:29:00Z,1324-1-1-AKS,,device_not_recording
1790350200000,2026-09-25T15:30:00Z,1324-1-1-AKS,,device_not_recording
1790350260000,2026-09-25T15:31:00Z,1324-1-1-AKS,,device_not_recording
1790350320000,2026-09-25T15:32:00Z,1324-1-1-AKS,,device_not_recording
1790350380000,2026-09-25T15:33:00Z,1324-1-1-AKS,,device_not_recording
1790350440000,2026-09-25T15:34:00Z,1324-1-1-AKS,,device_not_recording
1790350500000,2026-09-25T15:35:00Z,1324-1-1-AKS,,device_not_recording
1790350560000,2026-09-25T15:36:00Z,1324-1-1-AKS,,device_not_recording
1790350620000,2026-09-25T15:37:00Z,1324-1-1-AKS,,device_not_recording
1790350680000,2026-09-25T15:38:00Z,1324-1-1-AKS,,device_not_recording
1790350740000,2026-09-25T15:39:00Z,1324-1-1-AKS,,device_not_recording
1790350800000,2026-09-25T15:40:00Z,1324-1-1-AKS,,device_not_recording
1790350860000,2026-09-25T15:41:00Z,1324-1-1-AKS,,device_not_recording
1790350920000,2026-09-25T15:42:00Z,1324-1-1-AKS,,device_not_recording
1790350980000,2026-09-25T15:43:00Z,1324-1-1-AKS,,device_not_recording
1790351040000,2026-09-25T15:44:00Z,1324-1-1-AKS,,device_not_recording
1790351100000,2026-09-25T15:45:00Z,1324-1-1-AKS,,device_not_recording
1790351160000,2026-09-25T15:46:00Z,1324-1-1-AKS,,device_not_recording
1790351220000,2026-09-25T15:47:00Z,1324-1-1-AKS,,device_not_recording
1790351280000,2026-09-25T15:48:00Z,1324-1-1-AKS,,device_not_recording
1790351340000,2026-09-25T15:49:00Z,1324-1-1-AKS,,device_not_recording
1790351400000,2026-09-25T15:50:00Z,1324-1-1-AKS,,device_not_recording
1790351460000,2026-09-25T15:51:00Z,1324-1-1-AKS,,device_not_recording
1790351520000,2026-09-25T15:52:00Z,1324-1-1-AKS,,device_not_recording
1790351580000,2026-09-25T15:53:00Z,1324-1-1-AKS,,device_not_recording
1790351640000,2026-09-25T15:54:00Z,1324-1-1-AKS,,device_not_recording
1790351700000,2026-09-25T15:55:00Z,1324-1-1-AKS,,device_not_recording
1790351760000,2026-09-25T15:56:00Z,1324-1-1-AKS,,device_not_recording
1790351820000,2026-09-25T15:57:00Z,1324-1-1-AKS,,device_not_recording
1790351880000,2026-09-25T15:58:00Z,1324-1-1-AKS,,device_not_recording
1790351940000,2026-09-25T15:59:00Z,1324-1-1-AKS,,device_not_recording
1790352000000,2026-09-25T16:00:00Z,1324-1-1-AKS,,device_not_recording
1790352060000,2026-09-25T16:01:00Z,1324-1-1-AKS,,device_not_recording
1790352120000,2026-09-25T16:02:00Z,1324-1-1-AKS,,device_not_recording
1790352180000,2026-09-25T16:03:00Z,1324-1-1-AKS,,device_not_recording
1790352240000,2026-09-25T16:04:00Z,1324-1-1-AKS,,device_not_recording
1790352300000,2026-09-25T16:05:00Z,1324-1-1-AKS,,device_not_recording
1790352360000,2026-09-25T16:06:00Z,1324-1-1-AKS,,device_not_recording
1790352420000,2026-09-25T16:07:00Z,1324-1-1-AKS,,device_not_recording
1790352480000,2026-09-25T16:08:00Z,1324-1-1-AKS,,device_not_recording
1790352540000,2026-09-25T16:09:00Z,1324-1-1-AKS,,device_not_recording
1790352600000,2026-09-25T16:10:00Z,1324-1-1-AKS,,device_not_recording
1790352660000,2026-09-25T16:11:00Z,1324-1-1-AKS,,device_not_recording
1790352720000,2026-09-25T16:12:00Z,1324-1-1-AKS,,device_not_recording
1790352780000,2026-09-25T16:13:00Z,1324-1-1-AKS,,device_not_recording
1790352840000,2026-09-25T16:14:00Z,1324-1-1-AKS,,device_not_recording
1790352900000,2026-09-25T16:15:00Z,1324-1-1-AKS,,device_not_recording
1790352960000,2026-09-25T16:16:00Z,1324-1-1-AKS,,device_not_recording
1790353020000,2026-09-25T16:17:00Z,1324-1-1-AKS,,device_not_recording
1790353080000,2026-09-25T16:18:00Z,1324-1-1-AKS,,device_not_recording
1790353140000,2026-09-25T16:19:00Z,1324-1-1-AKS,,device_not_recording
1790353200000,2026-09-25T16:20:00Z,1324-1-1-AKS,,device_not_recording
1790353260000,2026-09-25T16:21:00Z,1324-1-1-AKS,,device_not_recording
1790353320000,2026-09-25T16:22:00Z,1324-1-1-AKS,,device_not_recording
1790353380000,2026-09-25T16:23:00Z,1324-1-1-AKS,,device_not_recording
1790353440000,2026-09-25T16:24:00Z,1324-1-1-AKS,,device_not_recording
1790353500000,2026-09-25T16:25:00Z,1324-1-1-AKS,,device_not_recording
1790353560000,2026-09-25T16:26:00Z,1324-1-1-AKS,,device_not_recording
1790353620000,2026-09-25T16:27:00Z,1324-1-1-AKS,,device_not_recording
1790353680000,2026-09-25T16:28:00Z,1324-1-1-AKS,,device_not_recording
1790353740000,2026-09-25T16:29:00Z,1324-1-1-AKS,,device_not_recording
1790353800000,2026-09-25T16:30:00Z,1324-1-1-AKS,,device_not_recording
1790353860000,2026-09-25T16:31:00Z,1324-1-1-AKS,,device_not_recording
1790353920000,2026-09-25T16:32:00Z,1324-1-1-AKS,,device_not_recording
1790353980000,2026-09-25T16:33:00Z,1324-1-1-AKS,,device_not_recording
1790354040000,2026-09-25T16:34:00Z,1324-1-1-AKS,,device_not_recording
1790354100000,2026-09-25T16:35:00Z,1324-1-1-AKS,,device_not_recording
1790354160000,2026-09-25T16:36:00Z,1324-1-1-AKS,,device_not_recording
1790354220000,2026-09-25T16:37:00Z,1324-1-1-AKS,,device_not_recording
1790354280000,2026-09-25T16:38:00Z,1324-1-1-AKS,,device_not_recording
1790354340000,2026-09-25T16:39:00Z,1324-1-1-AKS,,device_not_recording
1790354400000,2026-09-25T16:40:00Z,1324-1-1-AKS,,device_not_recording
1790354460000,2026-09-25T16:41:00Z,1324-1-1-AKS,,device_not_recording
1790354520000,2026-09-25T16:42:00Z,1324-1-1-AKS,,device_not_recording
1790354580000,2026-09-25T16:43:00Z,1324-1-1-AKS,,device_not_recording
1790354640000,2026-09-25T16:44:00Z,1324-1-1-AKS,,device_not_recording
1790354700000,2026-09-25T16:45:00Z,1324-1-1-AKS,,device_not_recording
1790354760000,2026-09-25T16:46:00Z,1324-1-1-AKS,,device_not_recording
1790354820000,2026-09-25T16:47:00Z,1324-1-1-AKS,,device_not_recording
1790354880000,2026-09-25T16:48:00Z,1324-1-1-AKS,,device_not_recording
1790354940000,2026-09-25T16:49:00Z,1324-1-1-AKS,,device_not_recording
1790355000000,2026-09-25T16:50:00Z,1324-1-1-AKS,,device_not_recording
1790355060000,2026-09-25T16:51:00Z,1324-1-1-AKS,,device_not_recording
1790355120000,2026-09-25T16:52:00Z,1324-1-1-AKS,,device_not_recording
1790355180000,2026-09-25T16:53:00Z,1324-1-1-AKS,,device_not_recording
1790355240000,2026-09-25T16:54:00Z,1324-1-1-AKS,,device_not_recording
1790355300000,2026-09-25T16:55:00Z,1324-1-1-AKS,,device_not_recording
1790355360000,2026-09-25T16:56:00Z,1324-1-1-AKS,,device_not_recording
1790355420000,2026-09-25T16:57:00Z,1324-1-1-AKS,,device_not_recording
1790355480000,2026-09-25T16:58:00Z,1324-1-1-AKS,,device_not_recording
1790355540000,2026-09-25T16:59:00Z,1324-1-1-AKS,,device_not_recording
1790355600000,2026-09-25T17:00:00Z,1324-1-1-AKS,,device_not_recording
1790355660000,2026-09-25T17:01:00Z,1324-1-1-AKS,,device_not_recording
1790355720000,2026-09-25T17:02:00Z,1324-1-1-AKS,,device_not_recording
1790355780000,2026-09-25T17:03:00Z,1324-1-1-AKS,,device_not_recording
1790355840000,2026-09-25T17:04:00Z,1324-1-1-AKS,,device_not_recording
1790355900000,2026-09-25T17:05:00Z,1324-1-1-AKS,,device_not_recording
1790355960000,2026-09-25T17:06:00Z,1324-1-1-AKS,,device_not_recording
1790356020000,2026-09-25T17:07:00Z,1324-1-1-AKS,,device_not_recording
1790356080000,2026-09-25T17:08:00Z,1324-1-1-AKS,,device_not_recording
1790356140000,2026-09-25T17:09:00Z,1324-1-1-AKS,,device_not_recording
1790356200000,2026-09-25T17:10:00Z,1324-1-1-AKS,,device_not_recording
1790356260000,2026-09-25T17:11:00Z,1324-1-1-AKS,,device_not_recording
1790356320000,2026-09-25T17:12:00Z,1324-1-1-AKS,,device_not_recording
1790356380000,2026-09-25T17:13:00Z,1324-1-1-AKS,,device_not_recording
1790356440000,2026-09-25T17:14:00Z,1324-1-1-AKS,,device_not_recording
1790356500000,2026-09-25T17:15:00Z,1324-1-1-AKS,,device_not_recording
1790356560000,2026-09-25T17:16:00Z,1324-1-1-AKS,,device_not_recording
1790356620000,2026-09-25T17:17:00Z,1324-1-1-AKS,,device_not_recording
1790356680000,2026-09-25T17:18:00Z,1324-1-1-AKS,,device_not_recording
1790356740000,2026-09-25T17:19:00Z,1324-1-1-AKS,,device_not_recording
1790356800000,2026-09-25T17:20:00Z,1324-1-1-AKS,,device_not_recording
1790356860000,2026-09-25T17:21:00Z,1324-1-1-AKS,,device_not_recording
1790356920000,2026-09-25T17:22:00Z,1324-1-1-AKS,,device_not_recording
1790356980000,2026-09-25T17:23:00Z,1324-1-1-AKS,,device_not_recording
1790357040000,2026-09-25T17:24:00Z,1324-1-1-AKS,,device_not_recording
1790357100000,2026-09-25T17:25:00Z,1324-1-1-AKS,,device_not_recording
1790357160000,2026-09-25T17:26:00Z,1324-1-1-AKS,,device_not_recording
1790357220000,2026-09-25T17:27:00Z,1324-1-1-AKS,,device_not_recording
1790357280000,2026-09-25T17:28:00Z,1324-1-1-AKS,,device_not_recording
1790357340000,2026-09-25T17:29:00Z,1324-1-1-AKS,,device_not_recording
1790357400000,2026-09-25T17:30:00Z,1324-1-1-AKS,,device_not_recording
1790357460000,2026-09-25T17:31:00Z,1324-1-1-AKS,,device_not_recording
1790357520000,2026-09-25T17:32:00Z,1324-1-1-AKS,,device_not_recording
1790357580000,2026-09-25T17:33:00Z,1324-1-1-AKS,,device_not_recording
1790357640000,2026-09-25T17:34:00Z,1324-1-1-AKS,,device_not_recording
1790357700000,2026-09-25T17:35:00Z,1324-1-1-AKS,,device_not_recording
1790357760000,2026-09-25T17:36:00Z,1324-1-1-AKS,,device_not_recording
1790357820000,2026-09-25T17:37:00Z,1324-1-1-AKS,,device_not_recording
1790357880000,2026-09-25T17:38:00Z,1324-1-1-AKS,,device_not_recording
1790357940000,2026-09-25T17:39:00Z,1324-1-1-AKS,,device_not_recording
1790358000000,2026-09-25T17:40:00Z,1324-1-1-AKS,,device_not_recording
1790358060000,2026-09-25T17:41:00Z,1324-1-1-AKS,,device_not_recording
1790358120000,2026-09-25T17:42:00Z,1324-1-1-AKS,,device_not_recording
1790358180000,2026-09-25T17:43:00Z,1324-1-1-AKS,,device_not_recording
1790358240000,2026-09-25T17:44:00Z,1324-1-1-AKS,,device_not_recording
1790358300000,2026-09-25T17:45:00Z,1324-1-1-AKS,,device_not_recording
1790358360000,2026-09-25T17:46:00Z,1324-1-1-AKS,,device_not_recording
1790358420000,2026-09-25T17:47:00Z,1324-1-1-AKS,,device_not_recording
1790358480000,2026-09-25T17:48:00Z,1324-1-1-AKS,,device_not_recording
1790358540000,2026-09-25T17:49:00Z,1324-1-1-AKS,,device_not_recording
1790358600000,2026-09-25T17:50:00Z,1324-1-1-AKS,,device_not_recording
1790358660000,2026-09-25T17:51:00Z,1324-1-1-AKS,,device_not_recording
1790358720000,2026-09-25T17:52:00Z,1324-1-1-AKS,0.02,
1790358780000,2026-09-25T17:53:00Z,1324-1-1-AKS,0.02,
1790358840000,2026-09-25T17:54:00Z,1324-1-1-AKS,0.03,
1790358900000,2026-09-25T17:55:00Z,1324-1-1-AKS,0.03,
1790358960000,2026-09-25T17:56:00Z,1324-1-1-AKS,0.03,
1790359020000,2026-09-25T17:57:00Z,1324-1-1-AKS,0.03,
1790359080000,2026-09-25T17:58:00Z,1324-1-1-AKS,0.02,
1790359140000,2026-09-25T17:59:00Z,1324-1-1-AKS,0.02,
1790359200000,2026-09-25T18:00:00Z,1324-1-1-AKS,0.03,
1790359260000,2026-09-25T18:01:00Z,1324-1-1-AKS,0.06,
1790359320000,2026-09-25T18:02:00Z,1324-1-1-AKS,0.06,
1790359380000,2026-09-25T18:03:00Z,1324-1-1-AKS,0.06,
1790359440000,2026-09-25T18:04:00Z,1324-1-1-AKS,0.07,
1790359500000,2026-09-25T18:05:00Z,1324-1-1-AKS,0.08,
1790359560000,2026-09-25T18:06:00Z,1324-1-1-AKS,0.05,
1790359620000,2026-09-25T18:07:00Z,1324-1-1-AKS,,device_not_recording
1790359680000,2026-09-25T18:08:00Z,1324-1-1-AKS,0.02,
1790359740000,2026-09-25T18:09:00Z,1324-1-1-AKS,0.02,
1790359800000,2026-09-25T18:10:00Z,1324-1-1-AKS,0.03,
1790359860000,2026-09-25T18:11:00Z,1324-1-1-AKS,0.03,
1790359920000,2026-09-25T18:12:00Z,1324-1-1-AKS,0.03,
1790359980000,2026-09-25T18:13:00Z,1324-1-1-AKS,0.03,
1790360040000,2026-09-25T18:14:00Z,1324-1-1-AKS,0.03,
1790360100000,2026-09-25T18:15:00Z,1324-1-1-AKS,0.02,
1790360160000,2026-09-25T18:16:00Z,1324-1-1-AKS,0.04,
1790360220000,2026-09-25T18:17:00Z,1324-1-1-AKS,0.04,
1790360280000,2026-09-25T18:18:00Z,1324-1-1-AKS,0.05,
1790360340000,2026-09-25T18:19:00Z,1324-1-1-AKS,0.06,
1790360400000,2026-09-25T18:20:00Z,1324-1-1-AKS,0.06,
1790360460000,2026-09-25T18:21:00Z,1324-1-1-AKS,0.05,
1790360520000,2026-09-25T18:22:00Z,1324-1-1-AKS,0.04,
1790360580000,2026-09-25T18:23:00Z,1324-1-1-AKS,0.05,
1790360640000,2026-09-25T18:24:00Z,1324-1-1-AKS,0.06,
1790360700000,2026-09-25T18:25:00Z,1324-1-1-AKS,0.06,
1790360760000,2026-09-25T18:26:00Z,1324-1-1-AKS,0.06,
1790360820000,2026-09-25T18:27:00Z,1324-1-1-AKS,0.06,
1790360880000,2026-09-25T18:28:00Z,1324-1-1-AKS,0.05,
1790360940000,2026-09-25T18:29:00Z,1324-1-1-AKS,0.05,
1790361000000,2026-09-25T18:30:00Z,1324-1-1-AKS,0.04,
1790361060000,2026-09-25T18:31:00Z,1324-1-1-AKS,0.05,
1790361120000,2026-09-25T18:32:00Z,1324-1-1-AKS,0.04,
1790361180000,2026-09-25T18:33:00Z,1324-1-1-AKS,0.05,
1790361240000,2026-09-25T18:34:00Z,1324-1-1-AKS,0.05,
1790361300000,2026-09-25T18:35:00Z,1324-1-1-AKS,0.07,
1790361360000,2026-09-25T18:36:00Z,1324-1-1-AKS,0.07,
1790361420000,2026-09-25T18:37:00Z,1324-1-1-AKS,0.08,
1790361480000,2026-09-25T18:38:00Z,1324-1-1-AKS,0.09,
1790361540000,2026-09-25T18:39:00Z,1324-1-1-AKS,0.16,
1790361600000,2026-09-25T18:40:00Z,1324-1-1-AKS,0.22,
1790361660000,2026-09-25T18:41:00Z,1324-1-1-AKS,0.31,
1790361720000,2026-09-25T18:42:00Z,1324-1-1-AKS,0.27,
1790361780000,2026-09-25T18:43:00Z,1324-1-1-AKS,0.19,
1790361840000,2026-09-25T18:44:00Z,1324-1-1-AKS,0.25,
1790361900000,2026-09-25T18:45:00Z,1324-1-1-AKS,0.4,
1790361960000,2026-09-25T18:46:00Z,1324-1-1-AKS,0.32,
1790362020000,2026-09-25T18:47:00Z,1324-1-1-AKS,0.27,
1790362080000,2026-09-25T18:48:00Z,1324-1-1-AKS,0.27,
1790362140000,2026-09-25T18:49:00Z,1324-1-1-AKS,0.2,
1790362200000,2026-09-25T18:50:00Z,1324-1-1-AKS,0.18,
1790362260000,2026-09-25T18:51:00Z,1324-1-1-AKS,0.21,
1790362320000,2026-09-25T18:52:00Z,1324-1-1-AKS,0.29,
1790362380000,2026-09-25T18:53:00Z,1324-1-1-AKS,0.28,
1790362440000,2026-09-25T18:54:00Z,1324-1-1-AKS,0.25,
1790362500000,2026-09-25T18:55:00Z,1324-1-1-AKS,0.06,
1790362560000,2026-09-25T18:56:00Z,1324-1-1-AKS,0.07,
1790362620000,2026-09-25T18:57:00Z,1324-1-1-AKS,0.06,
1790362680000,2026-09-25T18:58:00Z,1324-1-1-AKS,0.12,
1790362740000,2026-09-25T18:59:00Z,1324-1-1-AKS,0.16,
1790362800000,2026-09-25T19:00:00Z,1324-1-1-AKS,0.1,
1790362860000,2026-09-25T19:01:00Z,1324-1-1-AKS,0.09,
1790362920000,2026-09-25T19:02:00Z,1324-1-1-AKS,0.08,
1790362980000,2026-09-25T19:03:00Z,1324-1-1-AKS,0.12,
1790363040000,2026-09-25T19:04:00Z,1324-1-1-AKS,0.14,
1790363100000,2026-09-25T19:05:00Z,1324-1-1-AKS,0.27,
1790363160000,2026-09-25T19:06:00Z,1324-1-1-AKS,0.3,
1790363220000,2026-09-25T19:07:00Z,1324-1-1-AKS,0.2,
1790363280000,2026-09-25T19:08:00Z,1324-1-1-AKS,0.12,
1790363340000,2026-09-25T19:09:00Z,1324-1-1-AKS,0.09,
1790363400000,2026-09-25T19:10:00Z,1324-1-1-AKS,0.11,
1790363460000,2026-09-25T19:11:00Z,1324-1-1-AKS,0.23,
1790363520000,2026-09-25T19:12:00Z,1324-1-1-AKS,0.3,
1790363580000,2026-09-25T19:13:00Z,1324-1-1-AKS,0.26,
1790363640000,2026-09-25T19:14:00Z,1324-1-1-AKS,0.19,
1790363700000,2026-09-25T19:15:00Z,1324-1-1-AKS,0.14,
1790363760000,2026-09-25T19:16:00Z,1324-1-1-AKS,0.13,
1790363820000,2026-09-25T19:17:00Z,1324-1-1-AKS,0.1,
1790363880000,2026-09-25T19:18:00Z,1324-1-1-AKS,0.11,
1790363940000,2026-09-25T19:19:00Z,1324-1-1-AKS,0.09,
1790364000000,2026-09-25T19:20:00Z,1324-1-1-AKS,0.07,
1790364060000,2026-09-25T19:21:00Z,1324-1-1-AKS,0.07,
1790364120000,2026-09-25T19:22:00Z,1324-1-1-AKS,0.07,
1790364180000,2026-09-25T19:23:00Z,1324-1-1-AKS,0.08,
1790364240000,2026-09-25T19:24:00Z,1324-1-1-AKS,0.09,
1790364300000,2026-09-25T19:25:00Z,1324-1-1-AKS,0.09,
1790364360000,2026-09-25T19:26:00Z,1324-1-1-AKS,0.09,
1790364420000,2026-09-25T19:27:00Z,1324-1-1-AKS,0.09,
1790364480000,2026-09-25T19:28:00Z,1324-1-1-AKS,0.11,
1790364540000,2026-09-25T19:29:00Z,1324-1-1-AKS,0.15,
1790364600000,2026-09-25T19:30:00Z,1324-1-1-AKS,0.09,
1790364660000,2026-09-25T19:31:00Z,1324-1-1-AKS,,device_not_recording
1790364720000,2026-09-25T19:32:00Z,1324-1-1-AKS,,device_not_recording
1790364780000,2026-09-25T19:33:00Z,1324-1-1-AKS,,device_not_recording
1790364840000,2026-09-25T19:34:00Z,1324-1-1-AKS,,device_not_recording
1790364900000,2026-09-25T19:35:00Z,1324-1-1-AKS,,device_not_recording
1790364960000,2026-09-25T19:36:00Z,1324-1-1-AKS,,device_not_recording
1790365020000,2026-09-25T19:37:00Z,1324-1-1-AKS,,device_not_recording
1790365080000,2026-09-25T19:38:00Z,1324-1-1-AKS,,device_not_recording
1790365140000,2026-09-25T19:39:00Z,1324-1-1-AKS,,device_not_recording
1790365200000,2026-09-25T19:40:00Z,1324-1-1-AKS,,device_not_recording
1790365260000,2026-09-25T19:41:00Z,1324-1-1-AKS,,device_not_recording
1790365320000,2026-09-25T19:42:00Z,1324-1-1-AKS,,device_not_recording
1790365380000,2026-09-25T19:43:00Z,1324-1-1-AKS,,device_not_recording
1790365440000,2026-09-25T19:44:00Z,1324-1-1-AKS,,device_not_recording
1790365500000,2026-09-25T19:45:00Z,1324-1-1-AKS,,device_not_recording
1790365560000,2026-09-25T19:46:00Z,1324-1-1-AKS,,device_not_recording
1790365620000,2026-09-25T19:47:00Z,1324-1-1-AKS,,device_not_recording
1790365680000,2026-09-25T19:48:00Z,1324-1-1-AKS,,device_not_recording
1790365740000,2026-09-25T19:49:00Z,1324-1-1-AKS,,device_not_recording
1790365800000,2026-09-25T19:50:00Z,1324-1-1-AKS,,device_not_recording
1790365860000,2026-09-25T19:51:00Z,1324-1-1-AKS,,device_not_recording
1790365920000,2026-09-25T19:52:00Z,1324-1-1-AKS,,device_not_recording
1790365980000,2026-09-25T19:53:00Z,1324-1-1-AKS,,device_not_recording
1790366040000,2026-09-25T19:54:00Z,1324-1-1-AKS,,device_not_recording
1790366100000,2026-09-25T19:55:00Z,1324-1-1-AKS,,device_not_recording
1790366160000,2026-09-25T19:56:00Z,1324-1-1-AKS,,device_not_recording
1790366220000,2026-09-25T19:57:00Z,1324-1-1-AKS,,device_not_recording
1790366280000,2026-09-25T19:58:00Z,1324-1-1-AKS,,device_not_recording
1790366340000,2026-09-25T19:59:00Z,1324-1-1-AKS,,device_not_recording
1790366400000,2026-09-25T20:00:00Z,1324-1-1-AKS,,device_not_recording
1790366460000,2026-09-25T20:01:00Z,1324-1-1-AKS,,device_not_recording
1790366520000,2026-09-25T20:02:00Z,1324-1-1-AKS,,device_not_recording
1790366580000,2026-09-25T20:03:00Z,1324-1-1-AKS,,device_not_recording
1790366640000,2026-09-25T20:04:00Z,1324-1-1-AKS,,device_not_recording
1790366700000,2026-09-25T20:05:00Z,1324-1-1-AKS,,device_not_recording
1790366760000,2026-09-25T20:06:00Z,1324-1-1-AKS,,device_not_recording
1790366820000,2026-09-25T20:07:00Z,1324-1-1-AKS,,device_not_recording
1790366880000,2026-09-25T20:08:00Z,1324-1-1-AKS,,device_not_recording
1790366940000,2026-09-25T20:09:00Z,1324-1-1-AKS,,device_not_recording
1790367000000,2026-09-25T20:10:00Z,1324-1-1-AKS,,device_not_recording
1790367060000,2026-09-25T20:11:00Z,1324-1-1-AKS,,device_not_recording
1790367120000,2026-09-25T20:12:00Z,1324-1-1-AKS,,device_not_recording
1790367180000,2026-09-25T20:13:00Z,1324-1-1-AKS,,device_not_recording
1790367240000,2026-09-25T20:14:00Z,1324-1-1-AKS,,device_not_recording
1790367300000,2026-09-25T20:15:00Z,1324-1-1-AKS,,device_not_recording
1790367360000,2026-09-25T20:16:00Z,1324-1-1-AKS,,device_not_recording
1790367420000,2026-09-25T20:17:00Z,1324-1-1-AKS,,device_not_recording
1790367480000,2026-09-25T20:18:00Z,1324-1-1-AKS,,device_not_recording
1790367540000,2026-09-25T20:19:00Z,1324-1-1-AKS,,device_not_recording
1790367600000,2026-09-25T20:20:00Z,1324-1-1-AKS,,device_not_recording
1790367660000,2026-09-25T20:21:00Z,1324-1-1-AKS,,device_not_recording
1790367720000,2026-09-25T20:22:00Z,1324-1-1-AKS,,device_not_recording
1790367780000,2026-09-25T20:23:00Z,1324-1-1-AKS,,device_not_recording
1790367840000,2026-09-25T20:24:00Z,1324-1-1-AKS,,device_not_recording
1790367900000,2026-09-25T20:25:00Z,1324-1-1-AKS,,device_not_recording
1790367960000,2026-09-25T20:26:00Z,1324-1-1-AKS,,device_not_recording
1790368020000,2026-09-25T20:27:00Z,1324-1-1-AKS,,device_not_recording
1790368080000,2026-09-25T20:28:00Z,1324-1-1-AKS,,device_not_recording
1790368140000,2026-09-25T20:29:00Z,1324-1-1-AKS,,device_not_recording
1790368200000,2026-09-25T20:30:00Z,1324-1-1-AKS,,device_not_recording
1790368260000,2026-09-25T20:31:00Z,1324-1-1-AKS,,device_not_recording
1790368320000,2026-09-25T20:32:00Z,1324-1-1-AKS,,device_not_recording
1790368380000,2026-09-25T20:33:00Z,1324-1-1-AKS,,device_not_recording
1790368440000,2026-09-25T20:34:00Z,1324-1-1-AKS,,device_not_recording
1790368500000,2026-09-25T20:35:00Z,1324-1-1-AKS,,device_not_recording
1790368560000,2026-09-25T20:36:00Z,1324-1-1-AKS,,device_not_recording
1790368620000,2026-09-25T20:37:00Z,1324-1-1-AKS,,device_not_recording
1790368680000,2026-09-25T20:38:00Z,1324-1-1-AKS,,device_not_recording
1790368740000,2026-09-25T20:39:00Z,1324-1-1-AKS,,device_not_recording
1790368800000,2026-09-25T20:40:00Z,1324-1-1-AKS,,device_not_recording
1790368860000,2026-09-25T20:41:00Z,1324-1-1-AKS,,device_not_recording
1790368920000,2026-09-25T20:42:00Z,1324-1-1-AKS,,device_not_recording
1790368980000,2026-09-25T20:43:00Z,1324-1-1-AKS,,device_not_recording
1790369040000,2026-09-25T20:44:00Z,1324-1-1-AKS,,device_not_recording
1790369100000,2026-09-25T20:45:00Z,1324-1-1-AKS,,device_not_recording
1790369160000,2026-09-25T20:46:00Z,1324-1-1-AKS,,device_not_recording
1790369220000,2026-09-25T20:47:00Z,1324-1-1-AKS,,device_not_recording
1790369280000,2026-09-25T20:48:00Z,1324-1-1-AKS,,device_not_recording
1790369340000,2026-09-25T20:49:00Z,1324-1-1-AKS,,device_not_recording
1790369400000,2026-09-25T20:50:00Z,1324-1-1-AKS,,device_not_recording
1790369460000,2026-09-25T20:51:00Z,1324-1-1-AKS,,device_not_recording
1790369520000,2026-09-25T20:52:00Z,1324-1-1-AKS,,device_not_recording
1790369580000,2026-09-25T20:53:00Z,1324-1-1-AKS,,device_not_recording
1790369640000,2026-09-25T20:54:00Z,1324-1-1-AKS,,device_not_recording
1790369700000,2026-09-25T20:55:00Z,1324-1-1-AKS,,device_not_recording
1790369760000,2026-09-25T20:56:00Z,1324-1-1-AKS,,device_not_recording
1790369820000,2026-09-25T20:57:00Z,1324-1-1-AKS,,device_not_recording
1790369880000,2026-09-25T20:58:00Z,1324-1-1-AKS,,device_not_recording
1790369940000,2026-09-25T20:59:00Z,1324-1-1-AKS,,device_not_recording
1790370000000,2026-09-25T21:00:00Z,1324-1-1-AKS,,device_not_recording
1790370060000,2026-09-25T21:01:00Z,1324-1-1-AKS,,device_not_recording
1790370120000,2026-09-25T21:02:00Z,1324-1-1-AKS,,device_not_recording
1790370180000,2026-09-25T21:03:00Z,1324-1-1-AKS,,device_not_recording
1790370240000,2026-09-25T21:04:00Z,1324-1-1-AKS,,device_not_recording
1790370300000,2026-09-25T21:05:00Z,1324-1-1-AKS,,device_not_recording
1790370360000,2026-09-25T21:06:00Z,1324-1-1-AKS,,device_not_recording
1790370420000,2026-09-25T21:07:00Z,1324-1-1-AKS,,device_not_recording
1790370480000,2026-09-25T21:08:00Z,1324-1-1-AKS,,device_not_recording
1790370540000,2026-09-25T21:09:00Z,1324-1-1-AKS,,device_not_recording
1790370600000,2026-09-25T21:10:00Z,1324-1-1-AKS,,device_not_recording
1790370660000,2026-09-25T21:11:00Z,1324-1-1-AKS,,device_not_recording
1790370720000,2026-09-25T21:12:00Z,1324-1-1-AKS,,device_not_recording
1790370780000,2026-09-25T21:13:00Z,1324-1-1-AKS,,device_not_recording
1790370840000,2026-09-25T21:14:00Z,1324-1-1-AKS,,device_not_recording
1790370900000,2026-09-25T21:15:00Z,1324-1-1-AKS,,device_not_recording
1790370960000,2026-09-25T21:16:00Z,1324-1-1-AKS,,device_not_recording
1790371020000,2026-09-25T21:17:00Z,1324-1-1-AKS,,device_not_recording
1790371080000,2026-09-25T21:18:00Z,1324-1-1-AKS,,device_not_recording
1790371140000,2026-09-25T21:19:00Z,1324-1-1-AKS,,device_not_recording
1790371200000,2026-09-25T21:20:00Z,1324-1-1-AKS,,device_not_recording
1790371260000,2026-09-25T21:21:00Z,1324-1-1-AKS,,device_not_recording
1790371320000,2026-09-25T21:22:00Z,1324-1-1-AKS,,device_not_recording
1790371380000,2026-09-25T21:23:00Z,1324-1-1-AKS,,device_not_recording
1790371440000,2026-09-25T21:24:00Z,1324-1-1-AKS,,device_not_recording
1790371500000,2026-09-25T21:25:00Z,1324-1-1-AKS,,device_not_recording
1790371560000,2026-09-25T21:26:00Z,1324-1-1-AKS,,device_not_recording
1790371620000,2026-09-25T21:27:00Z,1324-1-1-AKS,,device_not_recording
1790371680000,2026-09-25T21:28:00Z,1324-1-1-AKS,,device_not_recording
1790371740000,2026-09-25T21:29:00Z,1324-1-1-AKS,,device_not_recording
1790371800000,2026-09-25T21:30:00Z,1324-1-1-AKS,,device_not_recording
1790371860000,2026-09-25T21:31:00Z,1324-1-1-AKS,,device_not_recording
1790371920000,2026-09-25T21:32:00Z,1324-1-1-AKS,,device_not_recording
1790371980000,2026-09-25T21:33:00Z,1324-1-1-AKS,,device_not_recording
1790372040000,2026-09-25T21:34:00Z,1324-1-1-AKS,,device_not_recording
1790372100000,2026-09-25T21:35:00Z,1324-1-1-AKS,,device_not_recording
1790372160000,2026-09-25T21:36:00Z,1324-1-1-AKS,,device_not_recording
1790372220000,2026-09-25T21:37:00Z,1324-1-1-AKS,,device_not_recording
1790372280000,2026-09-25T21:38:00Z,1324-1-1-AKS,,device_not_recording
1790372340000,2026-09-25T21:39:00Z,1324-1-1-AKS,,device_not_recording
1790372400000,2026-09-25T21:40:00Z,1324-1-1-AKS,,device_not_recording
1790372460000,2026-09-25T21:41:00Z,1324-1-1-AKS,,device_not_recording
1790372520000,2026-09-25T21:42:00Z,1324-1-1-AKS,,device_not_recording
1790372580000,2026-09-25T21:43:00Z,1324-1-1-AKS,,device_not_recording
1790372640000,2026-09-25T21:44:00Z,1324-1-1-AKS,,device_not_recording
1790372700000,2026-09-25T21:45:00Z,1324-1-1-AKS,,device_not_recording
1790372760000,2026-09-25T21:46:00Z,1324-1-1-AKS,,device_not_recording
1790372820000,2026-09-25T21:47:00Z,1324-1-1-AKS,,device_not_recording
1790372880000,2026-09-25T21:48:00Z,1324-1-1-AKS,,device_not_recording
1790372940000,2026-09-25T21:49:00Z,1324-1-1-AKS,,device_not_recording
1790373000000,2026-09-25T21:50:00Z,1324-1-1-AKS,,device_not_recording
1790373060000,2026-09-25T21:51:00Z,1324-1-1-AKS,,device_not_recording
1790373120000,2026-09-25T21:52:00Z,1324-1-1-AKS,,device_not_recording
1790373180000,2026-09-25T21:53:00Z,1324-1-1-AKS,,device_not_recording
1790373240000,2026-09-25T21:54:00Z,1324-1-1-AKS,,device_not_recording
1790373300000,2026-09-25T21:55:00Z,1324-1-1-AKS,,device_not_recording
1790373360000,2026-09-25T21:56:00Z,1324-1-1-AKS,,device_not_recording
1790373420000,2026-09-25T21:57:00Z,1324-1-1-AKS,,device_not_recording
1790373480000,2026-09-25T21:58:00Z,1324-1-1-AKS,,device_not_recording
1790373540000,2026-09-25T21:59:00Z,1324-1-1-AKS,,device_not_recording
1790373600000,2026-09-25T22:00:00Z,1324-1-1-AKS,,device_not_recording
1790373660000,2026-09-25T22:01:00Z,1324-1-1-AKS,,device_not_recording
1790373720000,2026-09-25T22:02:00Z,1324-1-1-AKS,,device_not_recording
1790373780000,2026-09-25T22:03:00Z,1324-1-1-AKS,,device_not_recording
1790373840000,2026-09-25T22:04:00Z,1324-1-1-AKS,,device_not_recording
1790373900000,2026-09-25T22:05:00Z,1324-1-1-AKS,,device_not_recording
1790373960000,2026-09-25T22:06:00Z,1324-1-1-AKS,,device_not_recording
1790374020000,2026-09-25T22:07:00Z,1324-1-1-AKS,,device_not_recording
1790374080000,2026-09-25T22:08:00Z,1324-1-1-AKS,,device_not_recording
1790374140000,2026-09-25T22:09:00Z,1324-1-1-AKS,,device_not_recording
1790374200000,2026-09-25T22:10:00Z,1324-1-1-AKS,,device_not_recording
1790374260000,2026-09-25T22:11:00Z,1324-1-1-AKS,,device_not_recording
1790374320000,2026-09-25T22:12:00Z,1324-1-1-AKS,,device_not_recording
1790374380000,2026-09-25T22:13:00Z,1324-1-1-AKS,,device_not_recording
1790374440000,2026-09-25T22:14:00Z,1324-1-1-AKS,,device_not_recording
1790374500000,2026-09-25T22:15:00Z,1324-1-1-AKS,,device_not_recording
1790374560000,2026-09-25T22:16:00Z,1324-1-1-AKS,,device_not_recording
1790374620000,2026-09-25T22:17:00Z,1324-1-1-AKS,,device_not_recording
1790374680000,2026-09-25T22:18:00Z,1324-1-1-AKS,,device_not_recording
1790374740000,2026-09-25T22:19:00Z,1324-1-1-AKS,,device_not_recording
1790374800000,2026-09-25T22:20:00Z,1324-1-1-AKS,,device_not_recording
1790374860000,2026-09-25T22:21:00Z,1324-1-1-AKS,,device_not_recording
1790374920000,2026-09-25T22:22:00Z,1324-1-1-AKS,,device_not_recording
1790374980000,2026-09-25T22:23:00Z,1324-1-1-AKS,,device_not_recording
1790375040000,2026-09-25T22:24:00Z,1324-1-1-AKS,,device_not_recording
1790375100000,2026-09-25T22:25:00Z,1324-1-1-AKS,,device_not_recording
1790375160000,2026-09-25T22:26:00Z,1324-1-1-AKS,,device_not_recording
1790375220000,2026-09-25T22:27:00Z,1324-1-1-AKS,,device_not_recording
1790375280000,2026-09-25T22:28:00Z,1324-1-1-AKS,,device_not_recording
1790375340000,2026-09-25T22:29:00Z,1324-1-1-AKS,,device_not_recording
1790375400000,2026-09-25T22:30:00Z,1324-1-1-AKS,,device_not_recording
1790375460000,2026-09-25T22:31:00Z,1324-1-1-AKS,,device_not_recording
1790375520000,2026-09-25T22:32:00Z,1324-1-1-AKS,,device_not_recording
1790375580000,2026-09-25T22:33:00Z,1324-1-1-AKS,,device_not_recording
1790375640000,2026-09-25T22:34:00Z,1324-1-1-AKS,,device_not_recording
1790375700000,2026-09-25T22:35:00Z,1324-1-1-AKS,,device_not_recording
1790375760000,2026-09-25T22:36:00Z,1324-1-1-AKS,,device_not_recording
1790375820000,2026-09-25T22:37:00Z,1324-1-1-AKS,,device_not_recording
1790375880000,2026-09-25T22:38:00Z,1324-1-1-AKS,,device_not_recording
1790375940000,2026-09-25T22:39:00Z,1324-1-1-AKS,,device_not_recording
1790376000000,2026-09-25T22:40:00Z,1324-1-1-AKS,,device_not_recording
1790376060000,2026-09-25T22:41:00Z,1324-1-1-AKS,,device_not_recording
1790376120000,2026-09-25T22:42:00Z,1324-1-1-AKS,,device_not_recording
1790376180000,2026-09-25T22:43:00Z,1324-1-1-AKS,,device_not_recording
1790376240000,2026-09-25T22:44:00Z,1324-1-1-AKS,,device_not_recording
1790376300000,2026-09-25T22:45:00Z,1324-1-1-AKS,,device_not_recording
1790376360000,2026-09-25T22:46:00Z,1324-1-1-AKS,,device_not_recording
1790376420000,2026-09-25T22:47:00Z,1324-1-1-AKS,,device_not_recording
1790376480000,2026-09-25T22:48:00Z,1324-1-1-AKS,,device_not_recording
1790376540000,2026-09-25T22:49:00Z,1324-1-1-AKS,,device_not_recording
1790376600000,2026-09-25T22:50:00Z,1324-1-1-AKS,,device_not_recording
1790376660000,2026-09-25T22:51:00Z,1324-1-1-AKS,,device_not_recording
1790376720000,2026-09-25T22:52:00Z,1324-1-1-AKS,,device_not_recording
1790376780000,2026-09-25T22:53:00Z,1324-1-1-AKS,,device_not_recording
1790376840000,2026-09-25T22:54:00Z,1324-1-1-AKS,,device_not_recording
1790376900000,2026-09-25T22:55:00Z,1324-1-1-AKS,,device_not_recording
1790376960000,2026-09-25T22:56:00Z,1324-1-1-AKS,,device_not_recording
1790377020000,2026-09-25T22:57:00Z,1324-1-1-AKS,,device_not_recording
1790377080000,2026-09-25T22:58:00Z,1324-1-1-AKS,,device_not_recording
1790377140000,2026-09-25T22:59:00Z,1324-1-1-AKS,,device_not_recording
1790377200000,2026-09-25T23:00:00Z,1324-1-1-AKS,,device_not_recording
1790377260000,2026-09-25T23:01:00Z,1324-1-1-AKS,,device_not_recording
1790377320000,2026-09-25T23:02:00Z,1324-1-1-AKS,,device_not_recording
1790377380000,2026-09-25T23:03:00Z,1324-1-1-AKS,,device_not_recording
1790377440000,2026-09-25T23:04:00Z,1324-1-1-AKS,,device_not_recording
1790377500000,2026-09-25T23:05:00Z,1324-1-1-AKS,,device_not_recording
1790377560000,2026-09-25T23:06:00Z,1324-1-1-AKS,,device_not_recording
1790377620000,2026-09-25T23:07:00Z,1324-1-1-AKS,,device_not_recording
1790377680000,2026-09-25T23:08:00Z,1324-1-1-AKS,,device_not_recording
1790377740000,2026-09-25T23:09:00Z,1324-1-1-AKS,,device_not_recording
1790377800000,2026-09-25T23:10:00Z,1324-1-1-AKS,,device_not_recording
1790377860000,2026-09-25T23:11:00Z,1324-1-1-AKS,,device_not_recording
1790377920000,2026-09-25T23:12:00Z,1324-1-1-AKS,,device_not_recording
1790377980000,2026-09-25T23:13:00Z,1324-1-1-AKS,,device_not_recording
1790378040000,2026-09-25T23:14:00Z,1324-1-1-AKS,,device_not_recording
1790378100000,2026-09-25T23:15:00Z,1324-1-1-AKS,,device_not_recording
1790378160000,2026-09-25T23:16:00Z,1324-1-1-AKS,,device_not_recording
1790378220000,2026-09-25T23:17:00Z,1324-1-1-AKS,,device_not_recording
1790378280000,2026-09-25T23:18:00Z,1324-1-1-AKS,,device_not_recording
1790378340000,2026-09-25T23:19:00Z,1324-1-1-AKS,,device_not_recording
1790378400000,2026-09-25T23:20:00Z,1324-1-1-AKS,,device_not_recording
1790378460000,2026-09-25T23:21:00Z,1324-1-1-AKS,,device_not_recording
1790378520000,2026-09-25T23:22:00Z,1324-1-1-AKS,,device_not_recording
1790378580000,2026-09-25T23:23:00Z,1324-1-1-AKS,,device_not_recording
1790378640000,2026-09-25T23:24:00Z,1324-1-1-AKS,,device_not_recording
1790378700000,2026-09-25T23:25:00Z,1324-1-1-AKS,,device_not_recording
1790378760000,2026-09-25T23:26:00Z,1324-1-1-AKS,,device_not_recording
1790378820000,2026-09-25T23:27:00Z,1324-1-1-AKS,,device_not_recording
1790378880000,2026-09-25T23:28:00Z,1324-1-1-AKS,,device_not_recording
1790378940000,2026-09-25T23:29:00Z,1324-1-1-AKS,,device_not_recording
1790379000000,2026-09-25T23:30:00Z,1324-1-1-AKS,,device_not_recording
1790379060000,2026-09-25T23:31:00Z,1324-1-1-AKS,,device_not_recording
1790379120000,2026-09-25T23:32:00Z,1324-1-1-AKS,,device_not_recording
1790379180000,2026-09-25T23:33:00Z,1324-1-1-AKS,,device_not_recording
1790379240000,2026-09-25T23:34:00Z,1324-1-1-AKS,,device_not_recording
1790379300000,2026-09-25T23:35:00Z,1324-1-1-AKS,,device_not_recording
1790379360000,2026-09-25T23:36:00Z,1324-1-1-AKS,,device_not_recording
1790379420000,2026-09-25T23:37:00Z,1324-1-1-AKS,,device_not_recording
1790379480000,2026-09-25T23:38:00Z,1324-1-1-AKS,,device_not_recording
1790379540000,2026-09-25T23:39:00Z,1324-1-1-AKS,,device_not_recording
1790379600000,2026-09-25T23:40:00Z,1324-1-1-AKS,,device_not_recording
1790379660000,2026-09-25T23:41:00Z,1324-1-1-AKS,,device_not_recording
1790379720000,2026-09-25T23:42:00Z,1324-1-1-AKS,,device_not_recording
1790379780000,2026-09-25T23:43:00Z,1324-1-1-AKS,,device_not_recording
1790379840000,2026-09-25T23:44:00Z,1324-1-1-AKS,,device_not_recording
1790379900000,2026-09-25T23:45:00Z,1324-1-1-AKS,,device_not_recording
1790379960000,2026-09-25T23:46:00Z,1324-1-1-AKS,,device_not_recording
1790380020000,2026-09-25T23:47:00Z,1324-1-1-AKS,,device_not_recording
1790380080000,2026-09-25T23:48:00Z,1324-1-1-AKS,,device_not_recording
1790380140000,2026-09-25T23:49:00Z,1324-1-1-AKS,,device_not_recording
1790380200000,2026-09-25T23:50:00Z,1324-1-1-AKS,,device_not_recording
1790380260000,2026-09-25T23:51:00Z,1324-1-1-AKS,,device_not_recording
1790380320000,2026-09-25T23:52:00Z,1324-1-1-AKS,,device_not_recording
1790380380000,2026-09-25T23:53:00Z,1324-1-1-AKS,,device_not_recording
1790380440000,2026-09-25T23:54:00Z,1324-1-1-AKS,,device_not_recording
1790380500000,2026-09-25T23:55:00Z,1324-1-1-AKS,,device_not_recording
1790380560000,2026-09-25T23:56:00Z,1324-1-1-AKS,,device_not_recording
1790380620000,2026-09-25T23:57:00Z,1324-1-1-AKS,,device_not_recording
1790380680000,2026-09-25T23:58:00Z,1324-1-1-AKS,,device_not_recording
1790380740000,2026-09-25T23:59:00Z,1324-1-1-AKS,,device_not_recording
